id,domain,status,purchase_price,renewal_price,attractiveness,demand,length,registrar,created_at,expires_at
002da876-9017-44dd-a696-3221a2d018f3,hitormiss.republican,available,5.99,,66,3,11,name.com,,
0035b8f9-501a-45f8-bd58-f85728dda239,goape.republican,available,5.99,,76,5,6,name.com,,
004b5c74-1529-4aa3-ae20-b29dcf9ec357,urges.republican,available,5.99,,51,4,5,name.com,,
004ba2be-bdc1-49f8-b71e-2dcf5209d5a0,feelupto.republican,available,5.99,,50,1,10,name.com,,
00753078-ad74-479d-af5a-8deedcf939dc,radios.republican,available,5.99,,55,13,6,name.com,,
00775445-0906-4406-bbba-8f2e549342e4,highseas.republican,available,5.99,,74,6,9,name.com,,
0085d204-7949-4562-bdf9-8dfbed663986,midafternoon.republican,available,5.99,,80,1,12,name.com,,
00890dd7-badc-43c4-8938-a1ece0def50c,adventures.republican,available,5.99,,64,18,10,name.com,,
00925b48-6b18-47e5-bfd6-65a1e3d0505b,gobankrupt.republican,available,5.99,,68,2,11,name.com,,
00ca52d8-63cc-4e09-8f80-cc62a10f2838,colleagues.republican,available,5.99,,56,5,10,name.com,,
00e3edd6-320c-4476-bac4-72c9081ee38e,roastpork.republican,available,5.99,,76,1,10,name.com,,
00e71257-79d5-4bd2-8c2a-052c550b5870,lactosefree.republican,available,5.99,,74,3,12,name.com,,
0118f179-8658-4034-abf0-c85720e2cbc0,dangers.republican,available,5.99,,46,6,7,name.com,,
012cb68e-26d6-406c-bd75-6b83e11b4e9c,bros.republican,available,5.99,,58,19,4,name.com,,
0165bd01-3762-474c-8906-258a063146d9,economyclass.republican,available,5.99,,66,3,13,name.com,,
017d80b2-e19d-4ed6-9e60-59cb2c478c95,commonleopard.republican,available,5.99,,46,0,14,name.com,,
018f1c3e-0b71-4bb5-be30-617d7e4f6946,personals.republican,available,5.99,,47,8,9,name.com,,
019777e0-d288-4b5f-8a37-c1554e6e48f7,hookups.republican,available,5.99,,74,9,8,name.com,,
01a9273e-83b0-4c98-958e-0ab4652fdb0e,pals.republican,available,5.99,,77,16,4,name.com,,
01c87b83-8990-4299-8670-8867ccda5bef,wastes.republican,available,5.99,,50,4,6,name.com,,
01d36465-83fe-478b-9a8c-f78a49c774ea,abovespecified.republican,available,5.99,,54,0,15,name.com,,
0267c3f3-fb34-40fe-80df-dcbd663e2a11,comewith.republican,available,5.99,,72,3,9,name.com,,
027f571f-e7c3-43d8-86e2-0b7c2349c110,businessstudies.republican,available,5.99,,70,2,16,name.com,,
0291789f-d215-4406-b6ea-0ff9645bb288,leavetown.republican,available,5.99,,58,1,10,name.com,,
0295df3e-6706-4cb0-adf0-bdf42ffaa03f,getthedoor.republican,available,5.99,,76,0,12,name.com,,
02ad8b07-aec0-40aa-a0a2-73e54a110701,snaps.republican,available,5.99,,52,20,5,name.com,,
02c2bccc-0a12-4b36-b941-594b5d2dd076,remembrances.republican,available,5.99,,51,2,12,name.com,,
031918e0-7bfd-4cc3-ad06-2eadb1cb7de3,prisms.republican,available,5.99,,56,7,6,name.com,,
0323b6aa-8c14-4248-acd5-b33e602d0a7e,counted.republican,available,5.99,,58,5,7,name.com,,
03295886-a901-4377-9f60-44ff2891ff8e,unsettles.republican,available,5.99,,43,1,9,name.com,,
032d6f73-7b8d-4cf8-9b5c-7905cee019c8,coffeepotful.republican,available,5.99,,72,1,13,name.com,,
034438da-8a23-4332-a0d7-f96fff6f65f8,ventilators.republican,available,5.99,,48,4,11,name.com,,
0349c672-c61a-4368-bf59-b0318af47edd,stonewalls.republican,available,5.99,,51,2,10,name.com,,
034cabc4-3610-410e-8c1c-5a60785e385c,sanctions.republican,available,5.99,,52,8,9,name.com,,
036562b6-57fb-4f0b-a567-41da6dc10caa,droppingin.republican,available,5.99,,70,2,11,name.com,,
039584da-cd91-4d12-b443-e26cc4378506,Lordknows.republican,available,43.98,,66,2,10,namecheap,,
039f4c7b-3550-41b1-b31e-36c04dc4993a,taxfree.republican,available,5.99,,68,11,8,name.com,,
03de37d3-3f7d-4c88-8714-9f5c5799ba3c,trios.republican,available,5.99,,50,9,5,name.com,,
03fb016a-d6fc-428e-8a29-6f07ac136dd6,porkroast.republican,available,5.99,,59,0,10,name.com,,
041b6c22-8cdf-4db0-bab5-5a6995172f7f,aunts.republican,available,5.99,,54,2,5,name.com,,
041c10cb-b0c0-4e6b-8745-0c7660bb9d2d,gooutwithabang.republican,available,5.99,,66,1,18,name.com,,
0472566c-10fe-47ab-85d7-df7ea1c37e32,sources.republican,available,5.99,,48,14,7,name.com,,
049e3613-fc8e-4297-a78a-82cfc085da77,inconclusion.republican,available,5.99,,60,2,13,name.com,,
04b2b567-468f-482f-adf6-2903b9711c6a,thesame.republican,available,5.99,,54,5,8,name.com,,
04b6d376-dab1-4a4e-8a3a-f055e3be6ebc,stepaside.republican,available,5.99,,74,2,10,name.com,,
04ba3262-282f-49b1-a574-0aed3f033f32,DalaiLamas.republican,available,5.99,,62,0,11,name.com,,
04e5d698-dc88-43d0-8b5b-9bcad858facd,bandits.republican,available,5.99,,40,10,7,name.com,,
04eab3f4-1778-49a5-b5ba-81720621e5b6,makehistory.republican,available,5.99,,86,4,12,name.com,,
051be617-5ed2-47da-8d23-4632455854eb,walktheline.republican,available,5.99,,68,3,13,name.com,,
052fcb91-a674-428c-9fd4-19cbcb294195,somuchfor.republican,available,5.99,,46,0,11,name.com,,
054543ea-57b5-4a90-9cf0-d61ba87a478b,counseled.republican,available,5.99,,59,1,9,name.com,,
058b95ec-fd49-42ca-af06-6541fa57575e,costbenefit.republican,available,5.99,,52,3,12,name.com,,
05ae876d-23f5-49fa-97b0-30185008d209,watches.republican,available,5.99,,84,19,7,name.com,,
0606959f-6401-4d6c-8a89-7229cacf2857,homes.republican,available,5.99,,86,34,5,name.com,,
0617178d-3550-42c7-9fd3-d63895d58385,gofast.republican,available,5.99,,74,15,7,name.com,,
061a5095-9357-4bb5-abe5-c925df27d962,softsell.republican,available,5.99,,72,3,9,name.com,,
061ea623-8537-45cb-a302-ea009d7ae074,deeper.republican,available,5.99,,56,19,6,name.com,,
06213d5f-c398-408e-9882-d0a1d71688f2,filewith.republican,available,5.99,,68,2,9,name.com,,
0651025f-4186-40d9-9fb8-ccdc94524f94,webcontent.republican,available,5.99,,78,5,11,name.com,,
06662178-806d-4703-a15a-9843a864fb43,makeinto.republican,available,5.99,,76,1,9,name.com,,
066def73-bfa0-4a9e-b65e-757d41f52b82,Containers.republican,available,5.99,,54,17,10,name.com,,
06815a1e-0368-47da-ae5b-b06b53873277,intheeventthat.republican,available,5.99,,48,1,17,name.com,,
06d77ee5-22f0-43d8-aa4d-479e96e9d368,traders.republican,available,5.99,,60,26,7,name.com,,
070c6544-fca4-48ef-b04f-71d7885a950c,aloevera.republican,available,5.99,,80,10,9,name.com,,
0753137d-690e-47b6-a0c1-5e51a9c2a991,godowninhistory.republican,available,5.99,,68,1,18,name.com,,
07715c6e-3c07-4d00-b8a8-056334b17166,teams.republican,available,5.99,,62,32,5,name.com,,
0783964c-1502-4e26-a3ab-b9bf522d898c,watched.republican,available,5.99,,74,7,7,name.com,,
0791bafb-6f42-474b-a2ae-e0f34f353642,turnorburn.republican,available,5.99,,56,1,12,name.com,,
079ad881-ee1e-4d85-8c63-e7751e1a6f1f,techsupport.republican,available,5.99,,76,18,12,name.com,,
07c3ef2b-de19-4258-9945-dec47c565920,getunder.republican,available,5.99,,54,1,9,name.com,,
07cb4ce0-3ff4-4cd3-af1d-d00d8cce77de,havethebestof.republican,available,5.99,,48,1,16,name.com,,
07d6c0af-06a9-4b05-805a-92cb9fa52a42,receptions.republican,available,5.99,,53,4,10,name.com,,
080454d3-241e-43d4-a7d0-3ce649d58227,comedians.republican,available,5.99,,56,4,9,name.com,,
08576d7b-d53f-4d95-8a03-2dcaa97998f7,tornados.republican,available,5.99,,50,4,8,name.com,,
0858bfd8-76bb-4d4e-b0d9-1f75e4d3d309,pairofpliers.republican,available,5.99,,62,0,14,name.com,,
085cb044-7c35-4f1f-856d-26433d6ee085,keyserver.republican,available,5.99,,70,4,10,name.com,,
086a5e50-86f9-4849-a996-764e09341b87,flashdrives.republican,available,5.99,,62,2,12,name.com,,
088e25c4-f0ca-41e1-b216-9d00588508a9,donkeys.republican,premium,242,242,46,5,7,namesilo,,
08a5cb85-df42-4e53-9c11-adda73a5aac3,cops.republican,available,5.99,,74,13,4,name.com,,
08b61f6f-f0b0-4436-a97c-e0365d0788bf,DaffyDuck.republican,available,43.98,,86,2,10,namecheap,,
08c78831-fcf9-4a26-8f1a-9e2a2064c563,bearings.republican,available,5.99,,50,11,8,name.com,,
08ede340-005b-4435-8267-7cbc45fcf748,aspertheusual.republican,available,5.99,,40,1,16,name.com,,
09078bf6-1308-4024-83b5-1251bb552524,asperyourrequest.republican,available,5.99,,48,1,19,name.com,,
0907b61f-4a6c-4caa-b196-4f4e2ea991f2,orderout.republican,available,5.99,,74,3,9,name.com,,
091f08c4-e1f4-435f-8c64-f2c67380b2a9,highresolution.republican,available,5.99,,64,3,15,name.com,,
093bbecb-4493-437c-a449-0af1f3dfbce4,godownhill.republican,available,5.99,,68,1,11,name.com,,
0945a729-c891-4a83-a158-6104ed50a102,loaned.republican,available,5.99,,52,3,6,name.com,,
0947368b-3847-4e91-bdf1-2e58c7f9a789,workingorder.republican,available,5.99,,64,1,13,name.com,,
097373cd-ef9a-4d85-a0b8-bbf849e83a48,comeoutin.republican,available,5.99,,70,1,11,name.com,,
0975c142-6c27-4940-a73f-04d10a0f73d0,scoopin.republican,available,5.99,,68,1,8,name.com,,
09796f90-bd73-4e9f-ab1e-b47dca4c78fc,sockyarn.republican,available,5.99,,64,1,9,name.com,,
0997f149-8089-4ab3-a4b7-f6c74b3f0043,makefriends.republican,available,5.99,,88,6,12,name.com,,
09bec13f-40c5-4480-8022-cb0bd09ce129,commonland.republican,available,5.99,,74,2,11,name.com,,
09c81fcd-bc6d-48a5-b67c-1fa9bd33627a,leavemealone.republican,available,5.99,,42,7,14,name.com,,
09cb4e5a-dd12-40aa-933b-0991ab6980d2,CatholicChurch.republican,available,43.98,,70,5,15,namecheap,,
09d48c01-5025-45d3-b645-33e53c5cf732,cuddleup.republican,available,5.99,,89,4,9,name.com,,
09df78e4-9d70-48b5-9419-adc75fbf88d7,segregation.republican,available,5.99,,62,2,11,name.com,,
09e7db48-9e9b-42d1-916c-328fe9a6fe1c,muttered.republican,available,5.99,,56,1,8,name.com,,
09f78154-6c2d-47ee-96d1-8f7ce4afb8f2,manuals.republican,available,5.99,,54,13,7,name.com,,
0a09c79b-b6d0-4d04-a10a-a31db9c35606,moveit.republican,available,5.99,,77,13,7,name.com,,
0a0c035b-fc32-4d5b-a6d6-4764a593f123,inthisinstance.republican,available,5.99,,44,1,16,name.com,,
0a1c0bbd-e13b-4a2a-aea2-26d0e22efbc8,notebooks.republican,available,5.99,,56,9,9,name.com,,
0a333317-63ab-413f-aa31-683abf1bce27,terminators.republican,available,5.99,,46,3,11,name.com,,
0a33d91c-ab4a-420a-be7a-d824fff386ef,proxybattle.republican,available,5.99,,44,1,12,name.com,,
0a742889-aea1-4484-a3d5-561979fec588,OrangeCounty.republican,available,43.98,,66,11,13,namecheap,,
0a758862-ac81-45c1-905f-dc30122d1868,sums.republican,available,5.99,,50,9,4,name.com,,
0a8dd613-c570-457f-a485-30e89e2c815f,eachtotheirown.republican,available,5.99,,46,1,17,name.com,,
0a96b902-ffde-47b0-b0f9-62fa9ec0bb4a,gowithout.republican,available,5.99,,75,1,10,name.com,,
0ad0fcad-a442-4dca-a967-11f64ae80b34,pairofshades.republican,available,5.99,,65,0,14,name.com,,
0add7e1d-3cb3-4d7b-9585-9023dbf4a70c,FinalJudgment.republican,available,43.98,,54,2,14,namecheap,,
0afa034e-253b-46fa-a5ef-ab2dc79cb740,sameoldstuff.republican,available,5.99,,34,1,14,name.com,,
0b0edf6d-7179-4918-9ab5-85dabfc65f62,officehours.republican,available,5.99,,75,10,12,name.com,,
0b494d2c-7777-4c04-9529-36ea6826d4b2,HarryPotter.republican,available,43.98,,72,20,12,namecheap,,
0b7721bb-55a3-44eb-b763-7ad329b73ace,hookedup.republican,available,5.99,,56,6,9,name.com,,
0baf8176-7eeb-4bbc-8c48-121021e6b2da,commonrun.republican,available,5.99,,68,1,10,name.com,,
0bc3a2fc-18a4-410d-866d-26e6e732af83,travellers.republican,available,5.99,,53,11,10,name.com,,
0bd2eb66-1776-4a5d-884e-a15bebde3e12,stoppers.republican,available,5.99,,52,3,8,name.com,,
0bd6b9bd-02ae-424f-9621-86061703654c,shots.republican,available,5.99,,56,13,5,name.com,,
0bd9e5e3-9ea4-4576-a648-a52d6144b028,pops.republican,available,5.99,,74,24,4,name.com,,
0be8aeda-164f-4dbe-901f-eefc09e75533,revisions.republican,available,5.99,,52,5,9,name.com,,
0bf2cb54-2674-47d1-93b1-dea921a4f395,pardonme.republican,available,5.99,,62,4,9,name.com,,
0c0dd7a2-d959-4e84-b075-4e29d3e66df8,hairdryers.republican,available,5.99,,60,2,10,name.com,,
0c131ac7-6929-4307-92a8-c94b2d2766a5,resources.republican,available,5.99,,58,21,9,name.com,,
0c2f8c7e-9be5-4504-808a-3169a97f8d63,shadows.republican,available,5.99,,54,16,7,name.com,,
0c3d2324-ad99-4656-b6b7-283742b9b694,Ihaveafever.republican,available,43.98,,50,1,14,namecheap,,
0c415c5e-ee52-4a56-be14-0df6512c4361,explains.republican,available,5.99,,50,4,8,name.com,,
0c53bc4f-7a39-42c8-9761-c4ad3100699c,dataentry.republican,available,5.99,,72,6,10,name.com,,
0c5cbbe3-b6b3-4797-8a2e-8f6178d267d1,manycolored.republican,available,5.99,,54,0,12,name.com,,
0c68291b-df0a-4d71-a168-c9689ae88483,tablespoonful.republican,available,5.99,,58,1,13,name.com,,
0c89b8ca-205e-45ed-9e54-97fbbabc510a,specializing.republican,available,5.99,,52,2,12,name.com,,
0ca02aee-4a3c-4030-923d-6bb7a777337b,macaroniandcheese.republican,available,5.99,,72,2,19,name.com,,
0ca58585-4354-46c2-b79e-09e51e15c1ea,notarypublic.republican,available,5.99,,66,11,13,name.com,,
0cbd0fad-1046-458a-bc9c-b0cfaab8c4c1,webmasters.republican,available,5.99,,52,12,10,name.com,,
0cc224ba-7c81-4959-9394-ff0566f12dad,coffeecakes.republican,available,5.99,,62,2,11,name.com,,
0cec57db-0409-4731-a15f-283927620fd7,gobackto.republican,available,5.99,,76,2,10,name.com,,
0d0ac7db-bfda-42d0-8677-314a58eefe62,nurses.republican,available,5.99,,54,13,6,name.com,,
0d1b680d-05b7-4a6d-886c-d51289874295,midbreakfast.republican,available,5.99,,70,1,12,name.com,,
0d216ce4-bd0f-407a-94a6-2046b24ed2ca,tyres.republican,available,5.99,,52,13,5,name.com,,
0d35dfad-de30-4771-a55f-96d30936fa41,gonuts.republican,available,5.99,,76,8,7,name.com,,
0d46ff9f-ce33-4478-995f-a0464d88484f,reports.republican,available,5.99,,58,24,7,name.com,,
0d485675-2bc2-4afc-9c5f-e1e7182572e1,flaxcotton.republican,available,5.99,,56,0,11,name.com,,
0d4e0bf9-1e71-41d6-95bb-2afa6a871461,goround.republican,available,5.99,,68,3,8,name.com,,
0d5c9da2-d3f9-4ccd-9592-a440e2bf213e,keepoff.republican,available,5.99,,70,2,8,name.com,,
0d60b4ee-699b-48c5-8aef-b59df267c340,newer.republican,available,5.99,,60,8,5,name.com,,
0d7ed63a-117e-4030-bbb3-2bf1eeb1477d,letonerip.republican,available,5.99,,75,1,11,name.com,,
0d8c3ce8-6868-4357-8df0-fb2e91e5524d,votes.republican,available,5.99,,60,11,5,name.com,,
0d9d9f5e-e44d-47cf-870d-04b4c32d88c8,orderin.republican,available,5.99,,77,5,8,name.com,,
0dd78c65-f6d2-4c0c-a895-74d491a33ed6,quotes.republican,available,5.99,,58,29,6,name.com,,
0debee65-967f-47a3-9958-1bd9c3f183ee,photocopying.republican,available,5.99,,68,2,12,name.com,,
0df5e7f8-8eae-4afa-8271-4714b9553c6d,givelife.republican,available,5.99,,58,5,9,name.com,,
0dfa9ad4-f68d-449f-a351-1831ec09a2f3,plays.republican,available,5.99,,56,16,5,name.com,,
0e004306-0e4d-4e60-be91-272c7931feab,wafers.republican,available,5.99,,54,4,6,name.com,,
0e108fc8-5f47-4191-b92d-6ed3bcf845fc,chickenout.republican,available,5.99,,74,1,11,name.com,,
0e1f91e8-9c68-40ec-bda2-19e66cb4ef89,getthejobdone.republican,available,5.99,,74,2,16,name.com,,
0e4b3f2c-f305-49f3-9731-249ea1c4eb68,propranolol.republican,available,5.99,,68,5,11,name.com,,
0e51cd0e-8555-4ab3-90d6-92314a16ee6c,cometogrips.republican,available,5.99,,62,1,13,name.com,,
0e5f395c-90b6-42c7-bff9-cd595ed9ed43,getmarried.republican,available,5.99,,88,5,11,name.com,,
0ebac524-b9ed-4eef-b3c3-ac2fb3fe2ae1,thereyouare.republican,available,5.99,,46,3,13,name.com,,
0ee42683-c242-4deb-bbc9-94cac25d51d0,pools.republican,available,5.99,,61,19,5,name.com,,
0f0c82aa-5c0d-4b1f-afd1-98827355e6ef,Iwish.republican,available,43.98,,58,12,6,namecheap,,
0f199650-0cb2-41fc-94c2-4175e987966f,clipontie.republican,available,5.99,,56,1,11,name.com,,
0f1d7f10-bff4-4141-8475-c801d013245e,Jews.republican,available,43.98,,50,12,4,namecheap,,
0f2e6377-3f48-43cd-b880-6ed5c7431d2f,herbbutter.republican,available,5.99,,80,1,11,name.com,,
0f30bb64-69a1-4eda-9ace-ac32dd147bcb,jobs.republican,premium,250,,79,42,4,name.com,,
0f317510-b42c-4293-9e80-e71a79738a34,waxpaper.republican,available,5.99,,66,2,9,name.com,,
0f394a9a-ef00-48b7-86af-390e4cadd70d,daughters.republican,available,5.99,,60,8,9,name.com,,
0f4fcdc2-eef3-478c-8bb6-b9ca79c8ad15,comeupto.republican,available,5.99,,72,1,10,name.com,,
0f9e07d0-eb9e-44c5-8f39-bc60901b400c,cutthrough.republican,available,5.99,,74,6,11,name.com,,
0fadeec0-6d06-4bd3-97bf-e810ee1c7c79,fruitvinegar.republican,available,5.99,,50,1,13,name.com,,
0fb29bee-8dec-43d7-8d2c-3940d52b70c1,relocations.republican,available,5.99,,54,5,11,name.com,,
0fd49860-fa51-4058-a181-8379ff1b864a,goingforward.republican,available,5.99,,48,4,13,name.com,,
0fe0d1d6-d4e8-4864-ae53-179c18722912,getonto.republican,available,5.99,,74,3,9,name.com,,
0fe4981d-d6b0-4843-8ca5-c4550f8e9bf8,hangin.republican,available,5.99,,76,4,7,name.com,,
0fe51c40-ff81-4372-9ea7-13f05b43fb36,coffeemakers.republican,available,5.99,,62,3,12,name.com,,
0fefedaa-7d42-4b48-ae78-6927fc46c6a0,reviewers.republican,available,5.99,,56,6,9,name.com,,
0ffc5b65-963c-44f0-8d8c-b0532f64e67e,havenot.republican,available,5.99,,66,4,8,name.com,,
10007264-c5c1-449c-9591-7de144162cf7,performed.republican,available,5.99,,58,3,9,name.com,,
103ef528-4a85-44b3-a713-be6d7c1c7b40,pairofshears.republican,available,5.99,,59,1,14,name.com,,
105e0b30-2adb-4d84-b749-b409abd0b04e,makeuseof.republican,available,5.99,,58,2,11,name.com,,
107dc7ca-f64f-43dc-81ef-9f29128afe5a,comeintobeing.republican,available,5.99,,68,1,15,name.com,,
109450cd-3ba3-4111-999e-8ffcf9690c84,spellout.republican,available,5.99,,76,2,9,name.com,,
10d6674f-2c5e-4eae-bd82-b535d6bf1d9c,getsomeair.republican,available,5.99,,77,1,12,name.com,,
10d92b71-b393-4211-bb03-bee62ec4aa29,stepbystep.republican,available,5.99,,62,14,12,name.com,,
10f78694-5d09-49b0-b216-a04b6f3663c9,gotto.republican,available,5.99,,54,6,6,name.com,,
110be604-abb1-48ea-a60f-9259ab11e108,stepinto.republican,available,5.99,,52,5,9,name.com,,
110cb1a7-67fc-4d82-be39-bcabb1ccbe44,comeonstrong.republican,available,5.99,,66,2,14,name.com,,
1128dfc7-4edb-4269-9ef7-ceda3df2b650,CountyofLanark.republican,available,5.99,,42,1,16,name.com,,
1142dbb9-966f-4033-be85-aee7c5ef6bc0,dogstail.republican,available,5.99,,94,1,8,name.com,,
114defba-8c10-498e-a60f-20149f7956ab,pianos.republican,available,5.99,,58,11,6,name.com,,
115ac56d-62cb-4ef7-be96-b53fc011eb18,necessities.republican,available,5.99,,58,4,11,name.com,,
1191588b-4178-478e-820f-a76416145002,expects.republican,available,5.99,,50,3,7,name.com,,
11adb3aa-eb2d-41a7-977e-f6df9517864c,deteriorates.republican,available,5.99,,38,1,12,name.com,,
11bd2ac3-4589-4b10-903d-e6356fa51143,playarole.republican,available,5.99,,68,1,11,name.com,,
11c73778-5bea-4b76-ac3b-86ff9962de2f,backbreaking.republican,available,5.99,,54,1,13,name.com,,
11d3e187-e7b9-46f9-a6a0-8099cb31657f,Ihavediabetes.republican,available,43.98,,50,2,15,namecheap,,
1214972e-952b-472b-b1db-c7a8634740d9,publicservice.republican,available,5.99,,65,8,14,name.com,,
122afaf3-76f2-4207-b198-6f789d32de49,noparking.republican,available,5.99,,44,5,10,name.com,,
1242de47-3a85-45f7-877f-21fa972a42c2,dogstooth.republican,available,5.99,,76,1,9,name.com,,
124d2b7d-efe3-4be4-990f-9e7020a4005b,collarbones.republican,available,5.99,,48,1,11,name.com,,
126c0c02-5234-4d8f-845a-14d0847a6853,runon.republican,available,5.99,,67,4,6,name.com,,
12966a0b-07f4-45a0-bffc-6e1ca0a0d5c3,traded.republican,available,5.99,,52,6,6,name.com,,
129b25dc-3ce3-4120-aa66-78b2c0acee8d,makesense.republican,available,5.99,,82,14,10,name.com,,
12a00f7a-d759-4d0f-8d3a-cbb2f8b00699,estateagency.republican,available,5.99,,42,4,13,name.com,,
12a74faa-104b-4c9b-8bca-c75240042f99,settingup.republican,available,5.99,,54,1,10,name.com,,
12b4b33e-a5fd-4c41-ae08-14e1ca782c87,gobananas.republican,available,5.99,,74,7,10,name.com,,
12b927a6-c4c6-49bb-8b24-3c9e97f391fe,shoppers.republican,available,5.99,,64,10,8,name.com,,
12bc00ab-8714-49a9-ab4b-3dd4e50e7507,midlifecrisis.republican,available,5.99,,58,9,15,name.com,,
12ccd4cc-cbe4-459c-b354-66c70851a80b,waitout.republican,available,5.99,,63,1,8,name.com,,
13194c25-ed79-4638-a28e-5e92d1bb7cc9,inthedock.republican,available,5.99,,50,1,11,name.com,,
1334d411-9d87-4a23-a049-73150685e06c,platearmour.republican,available,5.99,,65,1,12,name.com,,
135c41d7-eeac-4594-b25a-13af8984786d,necks.republican,available,5.99,,52,3,5,name.com,,
1381e10d-e95a-4698-b40d-37b753f7de06,BonfireNight.republican,available,43.98,,64,1,13,namecheap,,
13820285-d8d0-43b6-b844-4b02d9e3dda2,makethebestof.republican,available,5.99,,72,1,16,name.com,,
138328fd-bfb5-48db-8579-7594270f7a52,datadomain.republican,available,5.99,,52,4,11,name.com,,
138b2508-174c-4035-9814-52a4b1996508,grandparents.republican,available,5.99,,68,5,12,name.com,,
13c6fd72-2d36-4f76-8f78-f69e2e25638f,berries.republican,available,5.99,,60,13,7,name.com,,
13f3d01d-3542-4b92-ba49-92d745b2cc88,decoders.republican,available,5.99,,50,5,8,name.com,,
140305ed-b573-4a47-8a7f-988cb33c03cb,coffeecupful.republican,available,5.99,,80,1,12,name.com,,
144610a5-dcfb-48be-8796-5d1177a7b614,affections.republican,available,5.99,,62,2,10,name.com,,
14716d5b-dc38-493b-8e6f-7ceb2fe97b6f,feelfor.republican,available,5.99,,70,2,8,name.com,,
1483938a-7c26-49d2-a6ef-f45ad3783629,reston.republican,available,5.99,,75,10,7,name.com,,
1490ed21-e7a7-4233-a917-21410bca0411,plusses.republican,available,5.99,,56,1,7,name.com,,
14934866-296a-49d6-b5a5-3dfb3f3d1c13,showin.republican,available,5.99,,72,4,7,name.com,,
14ab1516-edaa-4dec-95d2-cd6468ba4b6d,dropabombshell.republican,available,5.99,,58,0,16,name.com,,
14ba9328-5349-4c5f-8954-0af11455bbf3,randoms.republican,available,5.99,,48,8,7,name.com,,
14c0aefc-34c6-4217-b60a-a61be03073d7,thewholeshop.republican,available,5.99,,42,1,14,name.com,,
14c758fd-ad11-46ca-8507-0762d2a8a9b9,LordMayors.republican,available,43.98,,58,2,11,namecheap,,
14ca451d-2a38-43e4-9d08-6ac4a78401ec,dusts.republican,available,5.99,,52,3,5,name.com,,
14cc45fa-8f12-4f16-a1f8-ccded24939ac,stints.republican,available,5.99,,52,3,6,name.com,,
14d3a7c4-038e-4748-bb2f-65777be0af2b,newsstation.republican,available,5.99,,52,3,12,name.com,,
151ffe10-bae0-4cdb-a365-30cb1e09f69a,trials.republican,available,5.99,,48,12,6,name.com,,
153015df-00b2-444e-884f-2d1b02b94f0c,sandals.republican,available,5.99,,66,12,7,name.com,,
15338d41-9721-49b5-a6ed-4884beed6e9c,gooverboard.republican,available,5.99,,64,1,12,name.com,,
153f8c75-0857-4da0-ae41-0ed6627ee187,suspicions.republican,available,5.99,,43,2,10,name.com,,
156b2eb7-2e34-4fcd-88ec-b8b45fb93de9,generating.republican,available,5.99,,54,6,10,name.com,,
159df3a1-f7c8-478c-a881-6c62d9bccd50,chalkboards.republican,available,5.99,,52,2,11,name.com,,
15b02c8a-bd58-4e2c-b120-de153fdd6426,rests.republican,available,5.99,,52,5,5,name.com,,
15b7f9e0-8d3e-402f-9b66-4a6ffd1c3c2f,sisters.republican,available,5.99,,63,15,7,name.com,,
15ca0f5f-1e40-4ea6-81a4-caf473f2dfb5,thoughts.republican,available,5.99,,65,18,8,name.com,,
15f05a5c-28c9-415a-a808-bc1b80de29f4,Iswear.republican,available,43.98,,58,2,7,namecheap,,
15fccb3e-d78f-4992-ad8b-90a605f354a4,oldriver.republican,available,5.99,,52,2,9,name.com,,
1602cccc-f56b-4504-8373-4cbd604856df,aliens.republican,available,5.99,,56,35,6,name.com,,
160be59b-ac05-4e66-b77a-d5079195b0b8,coats.republican,available,5.99,,68,12,5,name.com,,
1624b3dc-716a-40c7-b90f-73b3480c7eb8,thanksaton.republican,available,5.99,,62,1,12,name.com,,
162be6aa-f4fc-4180-8a29-a1f5ac520758,enterthelists.republican,available,5.99,,62,0,15,name.com,,
16348134-9b75-47b3-bb35-45133280c1e5,inpower.republican,available,5.99,,47,10,8,name.com,,
164dea31-be1e-4cda-a4b7-afa5913129a8,napkins.republican,available,5.99,,50,6,7,name.com,,
16528d27-10bf-462a-9c7d-09a1fa0180a8,texted.republican,available,5.99,,59,4,6,name.com,,
1670df97-01ce-4bed-90f0-c6e160b42803,nutrients.republican,available,5.99,,58,9,9,name.com,,
16b8d7a1-b74d-4f5f-98bc-c0d197be370c,units.republican,available,5.99,,56,16,5,name.com,,
16bef5fc-a4cb-4bb3-b010-732cd6813641,mortgages.republican,available,5.99,,50,16,9,name.com,,
16c2b1b3-6478-45e2-aecc-baa00acb8973,mattresses.republican,available,5.99,,56,8,10,name.com,,
16c445a5-c9cc-403e-8244-71219c516cdc,jollyalong.republican,available,5.99,,82,1,11,name.com,,
16c4870b-c9d7-4108-9f5a-34b964019d33,natives.republican,available,5.99,,56,9,7,name.com,,
16e11a3d-8972-47ec-a487-2a253a6b5a85,scars.republican,available,5.99,,42,10,5,name.com,,
1709c0cb-f14b-4bce-9cf2-b164c726ad2a,pincushions.republican,available,5.99,,52,1,11,name.com,,
1755d6cb-00f8-4a0e-835b-1edafbd4ab2d,estimationtheory.republican,available,5.99,,60,1,17,name.com,,
176913d6-7e9f-4199-80b1-3a1c08fadbb4,veggies.republican,available,5.99,,64,7,7,name.com,,
1792abba-ffa6-4938-b724-b2161ddb2c53,isles.republican,available,5.99,,52,7,5,name.com,,
17ae07f2-2061-4e7c-a3e3-b6821e802223,profiled.republican,available,5.99,,52,7,8,name.com,,
17b284b9-2152-473b-a07c-715f2192a102,massages.republican,available,5.99,,61,10,8,name.com,,
17c86ba6-57b4-419c-9595-342974585230,computers.republican,available,5.99,,68,19,9,name.com,,
17caba80-8bbd-4cc1-9c83-128100689570,positions.republican,available,5.99,,48,7,9,name.com,,
17d3d422-9e95-4115-a75c-a4c56f2df997,consents.republican,available,5.99,,60,4,8,name.com,,
17debb30-2712-4bb8-b350-36185a178fa6,runto.republican,available,5.99,,67,8,6,name.com,,
17e6b8ea-2773-4389-94b5-5b787cf4e200,songbirds.republican,available,5.99,,64,6,9,name.com,,
180250d8-6c63-47fe-b4e7-6512a2147317,movesouth.republican,available,5.99,,49,1,10,name.com,,
1813425e-5502-443a-b434-7bc5c49722f6,jetairliner.republican,available,5.99,,58,1,12,name.com,,
18154942-e220-49a9-9ac8-41c71c115a47,comments.republican,available,5.99,,52,10,8,name.com,,
1834a9e4-7eff-4a31-8492-7261a5b080a7,businesses.republican,available,5.99,,60,12,10,name.com,,
183f27b7-7cc6-4478-91ba-4d6335033abf,toured.republican,available,5.99,,52,3,6,name.com,,
184a1107-e576-43ea-9d6a-d3254f861d26,barns.republican,available,5.99,,50,7,5,name.com,,
1857ffe8-7c44-4f5d-88ac-1a0d75631806,commonmeter.republican,available,5.99,,68,1,12,name.com,,
186bb575-4e90-4c27-a2d1-34c05211323f,commonhippopotamus.republican,available,5.99,,66,1,19,name.com,,
1875293a-58e0-4dbf-b98c-34d1278c8394,shops.republican,available,5.99,,64,24,5,name.com,,
1878db6a-2764-4fa3-89dd-db9093680e95,vacationed.republican,available,5.99,,62,1,10,name.com,,
18b1ba17-e9f8-4fd0-b5f4-a4eb34230897,leaveoff.republican,available,5.99,,72,1,9,name.com,,
18b68d88-51c1-4997-924b-2ada82c19a09,Christians.republican,available,43.98,,62,15,10,namecheap,,
18cca50c-88f3-4b5e-86e8-072eef486c13,runwith.republican,available,5.99,,70,5,8,name.com,,
18e9a1f4-6f94-4ccc-8c39-2273853b864a,cometotermswith.republican,available,5.99,,66,1,18,name.com,,
18f02268-8f78-4cde-b4f3-37b689c9333e,hightea.republican,available,5.99,,76,8,8,name.com,,
18f0d5f8-63be-4a95-956f-3fb525724e5a,chickenofthesea.republican,available,5.99,,68,2,18,name.com,,
18f8a974-849f-4fb6-8267-38b472a9620c,accountpayable.republican,available,5.99,,62,2,15,name.com,,
1919ce43-4ba3-4893-aca2-d1df7d770238,thanksbe.republican,available,5.99,,60,1,9,name.com,,
191f636f-bd0a-49ca-ab98-60a2abd96ab1,gonumbertwo.republican,available,5.99,,40,1,13,name.com,,
19308e72-77fe-418e-bac5-75778e4f717c,uptill.republican,available,5.99,,50,1,7,name.com,,
193183d3-374a-44c3-90b0-d89d45b1d299,clearsailing.republican,available,5.99,,72,1,13,name.com,,
1935e748-e669-4738-ae7f-e830c411e61f,bloodpressuregage.republican,available,5.99,,48,1,19,name.com,,
193b7249-21b4-422a-92fe-0c3aa869b198,motorracing.republican,available,5.99,,74,4,12,name.com,,
19438477-be96-44b8-bd88-0118084b142d,registration.republican,available,5.99,,75,19,12,name.com,,
197102a9-b34c-4ea8-a0b4-55d2a74b9133,arrived.republican,available,5.99,,50,12,7,name.com,,
1979cf8a-a530-4147-97ec-9be4db6dffb7,getoveron.republican,available,5.99,,72,1,11,name.com,,
19b3b156-b238-477d-bc54-c2071d49cbff,alcoholintoxication.republican,available,5.99,,48,1,20,name.com,,
19ff1d78-9a00-4db6-a1f5-21456f94dea1,Obamacare.republican,premium,92.4,92.4,66,8,10,namecheap,,
1a176bef-2d1c-4581-b18f-bd780924010b,distinctions.republican,available,5.99,,62,3,12,name.com,,
1a609bb5-1143-4e02-91db-30637749e9a0,chickenroll.republican,available,5.99,,76,2,12,name.com,,
1a61e3cd-5656-4dfa-8ac7-26772f1e844a,chefs.republican,available,5.99,,68,18,5,name.com,,
1a8dfec8-0fbc-4d1a-82f2-b766c7bedb62,indoor.republican,available,5.99,,72,15,6,name.com,,
1a8f8200-6281-4200-9569-c05314d44fef,pairs.republican,available,5.99,,54,11,5,name.com,,
1ab2dfb8-89b4-4c4f-8ab7-f8ca57e344ed,boundaries.republican,available,5.99,,56,7,10,name.com,,
1abb56b6-854b-4f15-88d2-abf80f3e1e4e,midmorning.republican,available,5.99,,80,1,11,name.com,,
1ad6c5d3-3cfd-4305-be8f-9e77f5ef6183,additions.republican,available,5.99,,58,4,9,name.com,,
1ad7f3e6-1d58-4ac0-ac42-f423389ff7e3,goforth.republican,available,5.99,,74,11,8,name.com,,
1b04e6e1-4705-4564-ac5e-c14d7f3f9f4d,porkribs.republican,available,5.99,,55,1,9,name.com,,
1b04fce8-acb9-4adc-90f8-36d46b432bef,pills.republican,available,5.99,,56,15,5,name.com,,
1b08962d-7f00-428e-b9e4-13c10031c0e3,backtoback.republican,available,5.99,,72,5,12,name.com,,
1b42d793-f0da-4d13-8aa2-bd912370df78,breastfeed.republican,available,5.99,,76,3,11,name.com,,
1b4a9b13-b17b-48ed-b659-f56324739b53,makethecut.republican,available,5.99,,78,3,12,name.com,,
1b53baa1-e452-4e61-9d00-673e21db477e,ofinterest.republican,available,5.99,,50,3,11,name.com,,
1b5ba72d-b37c-4d3e-ac4a-018e949b73b0,sucks.republican,available,5.99,,48,11,5,name.com,,
1b608434-4c9a-4ba1-aacb-776a4e0e632d,carryover.republican,available,5.99,,70,2,10,name.com,,
1b6a5026-7adc-42da-8d77-8866d489c72b,accountspayable.republican,available,5.99,,62,4,16,name.com,,
1b7d029e-0fb6-4c6a-8313-c64ec1d459f1,appreciation.republican,available,5.99,,88,13,12,name.com,,
1b8333b7-b833-432f-8296-7b1c597dbed8,holdingtheman.republican,available,5.99,,42,1,15,name.com,,
1bc15c3b-f4b1-4302-ba7c-2dc84a8100a4,rumoured.republican,available,5.99,,50,2,8,name.com,,
1bd811c8-fe3b-41d5-9541-521f7cb92572,foes.republican,available,5.99,,46,6,4,name.com,,
1c2086c5-fcb1-4c4c-a350-5e30be591c5e,cometorest.republican,available,5.99,,70,1,12,name.com,,
1c3ff303-e077-49af-9a55-fd15563de53f,officedoor.republican,available,5.99,,55,1,11,name.com,,
1c491d32-4e14-44ff-8da9-fe616506a578,menus.republican,available,5.99,,54,14,5,name.com,,
1c4c5e15-f143-476b-8d53-bc1432108971,potatosalad.republican,available,5.99,,70,2,12,name.com,,
1c5f3708-f688-457c-a594-11058b00bddd,starkest.republican,available,5.99,,40,2,8,name.com,,
1c6cc044-1ada-434e-9839-c819e9177d45,wandered.republican,available,5.99,,56,4,8,name.com,,
1c6f33d1-6174-4dd7-bea2-38dcb6c119a7,packingtape.republican,available,5.99,,70,2,12,name.com,,
1c81ee2d-cfe9-4491-b71c-d40921c7e674,tirades.republican,available,5.99,,46,1,7,name.com,,
1cd82195-aa83-4606-a1c0-44087796174d,seems.republican,available,5.99,,58,8,5,name.com,,
1cd95df8-323a-42be-81b1-c7a9bde2a0cb,beawake.republican,available,5.99,,84,3,8,name.com,,
1d025c7b-1eca-4894-b8e3-44d814cc1beb,clinics.republican,available,5.99,,56,12,7,name.com,,
1d038dbf-b2a7-4770-bb40-49ac62bb5d56,GodtheHolyGhost.republican,available,43.98,,58,1,18,namecheap,,
1d057cb6-990e-4377-bdac-3187409610d5,keepback.republican,available,5.99,,70,2,9,name.com,,
1d0f7ea0-a971-41c9-b437-895ea4dc4791,intheact.republican,available,5.99,,52,1,10,name.com,,
1d0f8387-a32e-448d-9e86-ea7a3f800d76,MardiGras.republican,available,43.98,,78,10,10,namecheap,,
1d11ae77-b766-456d-84eb-971d07c078f1,floodwaters.republican,available,5.99,,56,2,11,name.com,,
1d4dad48-77e7-4339-9f90-559f032978bc,introspection.republican,available,5.99,,66,8,13,name.com,,
1d596104-1fe2-45e3-8cc3-d82c3e896090,elephants.republican,available,5.99,,68,9,9,name.com,,
1d612e43-8398-4ba2-ac8e-0e66ede152d6,JollyRoger.republican,available,43.98,,82,10,11,namecheap,,
1d6b1dc3-54d6-4fba-82d6-a1a99f0ea44b,goberserk.republican,available,5.99,,68,1,10,name.com,,
1d818c6e-2d71-444f-b832-8f833edee6ef,gotoplan.republican,available,5.99,,66,1,10,name.com,,
1d89b010-e648-4dfc-b9c8-45a9488a9d17,grassrootsdemocracy.republican,available,5.99,,66,1,20,name.com,,
1dc3fa01-bed3-48b3-a931-c3b9d8d0a8c8,uncared.republican,available,5.99,,57,1,7,name.com,,
1dd9074b-a083-4a77-95c2-b2b82c5022c4,WonderWoman.republican,available,43.98,,92,10,12,namecheap,,
1de5859d-34d8-4fe6-b8e8-5db72c09fed3,forces.republican,available,5.99,,82,12,6,name.com,,
1e03efa6-bd41-4e70-82eb-66cc69fa9946,behindbars.republican,available,5.99,,60,6,11,name.com,,
1e449cd1-534e-4a17-a601-b4aa25474623,appraisals.republican,available,5.99,,56,10,10,name.com,,
1e4d2da0-3134-4bde-9949-5d0e6edf64d2,looked.republican,available,5.99,,74,5,6,name.com,,
1e5bfa17-c7fd-49c4-9a4b-7d955a7ba7ec,neckrest.republican,available,5.99,,56,1,9,name.com,,
1e5c2f9c-b9ad-4f83-9335-20e04a807de8,exchanging.republican,available,5.99,,50,5,10,name.com,,
1e5fdda2-67cc-4a21-a7ce-99a4cea7c6c5,letsgo.republican,available,5.99,,57,31,7,name.com,,
1e8dda90-3280-4110-8af3-3be2460c9a79,reallife.republican,available,5.99,,68,17,9,name.com,,
1e90db21-1c6e-44a4-bfe4-f7fb927dd505,feellike.republican,available,5.99,,74,3,9,name.com,,
1ea19ee3-9cda-4817-a664-40977a32890a,bottles.republican,available,5.99,,62,12,7,name.com,,
1ec7b9fc-11fb-4344-af93-8eb97f60d60d,lunches.republican,available,5.99,,60,4,7,name.com,,
1ec7dddc-9bc8-4dc4-ac96-2850fcc1b538,strengths.republican,available,5.99,,62,6,9,name.com,,
1ee5a05c-e4da-4506-9b83-3344d9070903,clearup.republican,available,5.99,,76,6,8,name.com,,
1f129f61-f123-4037-bc20-abf948ba43b8,keepoutof.republican,available,5.99,,68,0,11,name.com,,
1f2c2574-0c8b-45e1-931d-3ed74dd2a8eb,plz.republican,available,5.99,,72,14,3,name.com,,
1f45b1d6-965a-4a6a-803e-6c3161681913,chickenliver.republican,available,5.99,,64,1,13,name.com,,
1f5eb75b-96e1-41e8-b469-7da56f22a31d,choices.republican,available,5.99,,60,12,7,name.com,,
1f70f72e-1388-4c57-b153-d84a999d4a10,Ipop.republican,available,43.98,,76,9,5,namecheap,,
1fa22edf-3567-444d-84a1-b08ed40edd1f,baseplate.republican,available,5.99,,66,7,10,name.com,,
1fa7a898-7434-4ba4-8ccf-7d5475b85634,induecourse.republican,available,5.99,,57,0,13,name.com,,
1fbd4778-c4a9-4520-ac70-a3ca07958075,overcomes.republican,available,5.99,,62,2,9,name.com,,
1fcb0861-5691-4219-8841-a3dd76a679df,toweather.republican,available,5.99,,48,1,10,name.com,,
1fe76b8d-ae94-4ba7-936e-f2b9f6afc1e2,slipitto.republican,available,5.99,,64,1,10,name.com,,
1ff0452b-0d53-49fe-85f0-e80928f763fa,magicians.republican,available,5.99,,60,8,9,name.com,,
2004f29c-fd2e-4882-bf39-0d07d7603db9,IsleofSheppey.republican,available,43.98,,52,1,15,namecheap,,
2012a92c-cd7e-47aa-8ee5-ddbf5ab97fbd,monkeys.republican,available,5.99,,56,13,7,name.com,,
2017a0df-baeb-4a91-8df1-45425fa9d58f,keepdown.republican,available,5.99,,68,1,9,name.com,,
201d9bc2-bbb9-47dc-a6c4-d5a4282855b9,inwithachance.republican,available,5.99,,60,1,16,name.com,,
203ac673-3290-480b-8597-e85dee377fa2,wraps.republican,available,5.99,,53,11,5,name.com,,
204489ef-7e80-4e57-952a-c7105073a37b,requests.republican,available,5.99,,56,10,8,name.com,,
20699281-12d9-49aa-90b3-78e79f6444bb,likeso.republican,available,5.99,,52,1,7,name.com,,
206e9eae-126d-4202-88a9-06dc8e0086f3,oppositions.republican,available,5.99,,48,2,11,name.com,,
208420da-1bd8-4d4e-af26-e358c54b9357,GoldenValley.republican,available,43.98,,58,6,13,namecheap,,
20a1b2b2-c166-4893-8ab8-d346c05996de,couples.republican,available,5.99,,52,14,7,name.com,,
20b75c41-f523-4bb0-bacd-f698739f963a,selections.republican,available,5.99,,53,6,10,name.com,,
20cd2328-4b6b-4363-8783-51ac9311fa51,dataflow.republican,available,5.99,,70,16,9,name.com,,
20d5924a-71cf-4986-9b10-3e0c126acdb1,moveup.republican,available,5.99,,79,14,7,name.com,,
20ebc37e-a4de-484a-8c49-97e8eeebf325,actresses.republican,available,5.99,,56,5,9,name.com,,
20f4eac2-710b-46f0-ad6f-e385af5c3754,inducts.republican,available,5.99,,50,1,7,name.com,,
20fcec77-5018-4f2b-8780-d2924e859d8e,mentions.republican,available,5.99,,54,9,8,name.com,,
211559e4-1ae0-4698-9bf7-b6c4473ce4e4,useto.republican,available,5.99,,72,2,6,name.com,,
213858bd-4c2b-45b6-9719-f158a5d9f01f,dancers.republican,available,5.99,,64,9,7,name.com,,
21572604-8d55-4ea9-a94d-993109044d1f,voices.republican,available,5.99,,60,19,6,name.com,,
216968be-a573-4230-8feb-e4db3e7d2ca8,goaroundincircles.republican,available,5.99,,62,0,20,name.com,,
217f9228-3e12-4aa7-a94b-701d9b3ef383,introductory.republican,available,5.99,,74,2,12,name.com,,
218c0c61-762d-4ff3-bf8d-f9b5207828e5,makenews.republican,available,5.99,,80,1,9,name.com,,
2196d894-c7a6-4d38-87bb-efbe0f301461,thumbs.republican,available,5.99,,56,7,6,name.com,,
21ad86d9-9265-4c24-8ef5-4c3d79e8a1af,howlout.republican,available,5.99,,70,1,8,name.com,,
21d610e4-e044-48fa-91e0-2c61ecf8a6f1,diehards.republican,available,5.99,,48,3,8,name.com,,
21e2719b-b297-4a46-bd48-36fea6517da7,tubes.republican,available,5.99,,48,12,5,name.com,,
21e70184-46d8-4409-95c5-df48b4bbc316,asperusual.republican,available,5.99,,48,1,12,name.com,,
21f04c2f-1acd-4ec0-9dd4-91a6acfe2b2c,stretchout.republican,available,5.99,,70,2,11,name.com,,
21f1ff94-ed9b-4e10-a866-0c63bac11740,visioned.republican,available,5.99,,71,4,8,name.com,,
21fec84f-09de-4e44-ba5b-eec09afc814d,refunds.republican,available,5.99,,62,9,7,name.com,,
2212417d-6a8b-4448-aa51-f125afaebbf4,matches.republican,available,5.99,,64,13,7,name.com,,
222e901c-c74f-41c8-bb27-d5fe09d122a7,goesthewholehog.republican,available,5.99,,46,0,18,name.com,,
2236afcb-bb81-4601-ada3-346255e5eea3,coffeeroyal.republican,available,5.99,,80,1,12,name.com,,
2239ba81-bbca-4e0e-b156-da79d80240fa,predilection.republican,available,5.99,,70,2,12,name.com,,
2244694b-eaec-4d1a-81ca-cf6f07e0444d,gowiththeturf.republican,available,5.99,,66,0,16,name.com,,
225f22fc-d3b0-4d03-8637-841eb18c3d00,overanxious.republican,available,5.99,,64,1,12,name.com,,
22788b55-6311-4848-8894-48505998be25,updated.republican,available,5.99,,52,10,7,name.com,,
22811739-8443-43d0-888c-c1d7478ebf52,squalls.republican,available,5.99,,44,2,7,name.com,,
22902565-c447-4fda-a770-5807e83ae585,largeandincharge.republican,available,5.99,,62,1,19,name.com,,
229b80b1-be00-49f0-be83-52f8dbe9595e,geese.republican,available,5.99,,53,10,5,name.com,,
229c0eb6-b184-457c-8a6b-c48625c5da73,keyset.republican,available,5.99,,52,3,7,name.com,,
22ac945f-d5b8-4b66-8646-81071cddbd50,financeindustry.republican,available,5.99,,44,1,16,name.com,,
22baea0c-a45a-431f-9f74-e885054fdf4d,guards.republican,available,5.99,,76,9,6,name.com,,
22ce6884-9d62-4100-bb30-20a6d2542615,vents.republican,available,5.99,,52,6,5,name.com,,
22cf3a7c-0ead-4236-9617-4540493ab782,timbertruss.republican,available,5.99,,54,2,12,name.com,,
22d1d10b-53de-4244-b449-301551330042,inwithashout.republican,available,5.99,,60,1,15,name.com,,
22d31aa5-12d2-4687-a4d5-eff4fb8dfb65,exclamations.republican,available,5.99,,50,2,12,name.com,,
22dba230-8ee5-46d7-b7b2-af294d696ae3,havenousefor.republican,available,5.99,,56,0,15,name.com,,
22e47ae7-c1e3-4478-aee2-1fdea72d3043,sellthrough.republican,available,5.99,,64,2,12,name.com,,
22f48b05-76a4-4d46-8d43-6155a179ce4f,Ineedtovomit.republican,available,43.98,,50,1,15,namecheap,,
22fe210a-1255-4c19-b748-93a9cdf3890f,pestcontrol.republican,available,5.99,,74,18,12,name.com,,
230f5a25-fe19-4796-8d3b-7754e6a51f50,spellitout.republican,available,5.99,,74,2,12,name.com,,
232f2a11-c3e0-41c9-89c4-861163b7ee38,rolemodel.republican,available,5.99,,85,6,10,name.com,,
23585f59-4052-4fd3-bb49-6d1c09d9b39c,establishments.republican,available,5.99,,42,3,14,name.com,,
2369880a-0289-4fef-ad1a-8bb47cf49997,popup.republican,available,5.99,,84,29,6,name.com,,
238055df-ae8a-41df-b7fa-ddd23a89c57c,provided.republican,available,5.99,,48,3,8,name.com,,
23a352bb-6ac9-43fe-a673-70adfe2b2f8f,orchestrated.republican,available,5.99,,75,4,12,name.com,,
23d7b532-714b-48ef-8511-4d93cbd58a75,highend.republican,available,5.99,,72,17,8,name.com,,
23dda8bc-f787-425c-bea4-2f645dcd110c,seekfor.republican,available,5.99,,74,2,8,name.com,,
240e3be7-1ba5-4161-a089-ce4007dfa955,punched.republican,available,5.99,,50,3,7,name.com,,
244a1001-bd0d-445e-b8e2-6a08d4ed1669,transmitted.republican,available,5.99,,64,1,11,name.com,,
2453b876-6263-48de-b5b0-29087c70cb09,justso.republican,available,5.99,,62,7,7,name.com,,
247eba4e-caac-4c7d-8e55-7edecd48c5be,runners.republican,available,5.99,,78,16,7,name.com,,
24ad76fa-8755-48e4-bc08-fbc7d258a71e,revolutions.republican,available,5.99,,52,9,11,name.com,,
24c094d5-c171-46f5-b7b3-3af6353a528e,JusticeLeague.republican,available,43.98,,52,7,14,namecheap,,
24f0a0b1-e765-4a08-acd7-64e21410be90,smashup.republican,available,5.99,,58,5,8,name.com,,
2519041f-2d3e-4112-a186-56ff340ced7b,MickeyMouse.republican,available,43.98,,86,11,12,namecheap,,
253fe965-4073-44a7-82fa-01a3de29ab7b,reminded.republican,available,5.99,,60,4,8,name.com,,
25406329-e5af-4a35-88e0-846c1629e56d,riders.republican,available,5.99,,60,14,6,name.com,,
25524435-3ad7-4ae0-bbe2-bc392ff5cfc7,highsugar.republican,available,5.99,,52,1,10,name.com,,
256e213f-5dfa-42e1-8013-04582f12f243,ferries.republican,available,5.99,,54,7,7,name.com,,
2578e835-1104-4f3c-bd99-8523b2b37049,cents.republican,available,5.99,,56,9,5,name.com,,
257be53d-73b2-4f58-90b2-239849f1c853,Ineedaguide.republican,available,43.98,,50,1,14,namecheap,,
2597c0da-fb2e-4c6b-9185-48507b20eeea,dollars.republican,available,5.99,,64,12,7,name.com,,
25a17c14-b56a-4291-86b8-d4338869ccb9,hittingthepavement.republican,available,5.99,,46,1,20,name.com,,
25b35c1e-4ab0-41f0-8e66-006a66368c38,filed.republican,available,5.99,,48,7,5,name.com,,
25bdf597-98d7-4edd-a3fc-920edcf93902,counts.republican,available,5.99,,76,8,6,name.com,,
25cdd92f-e4f3-4287-b7e5-cb95a2df9402,seperation.republican,available,5.99,,48,2,10,name.com,,
25d8f4e3-1904-4d97-b2b4-542910891171,thereyougo.republican,available,5.99,,56,2,12,name.com,,
25f485c1-ad51-4697-ae92-991718e2c9f5,determines.republican,available,5.99,,58,1,10,name.com,,
25f562d2-1ca4-48b5-be9a-be78dcd6ceb8,abided.republican,available,5.99,,70,1,6,name.com,,
262dfd29-c596-4fa1-b4d4-b572b7805a65,makeupfriend.republican,available,5.99,,60,1,14,name.com,,
264e4165-8429-42fc-aded-d49e6d8f014f,faintest.republican,available,5.99,,56,1,8,name.com,,
2651e5fc-9f2b-45b9-a7ec-e2af33c26f95,blazeaway.republican,available,5.99,,76,1,10,name.com,,
26569bc6-ded2-42d3-a867-a4208468a8fa,centres.republican,available,5.99,,53,4,7,name.com,,
26727fd4-110a-4bba-aa95-82bc68761fd0,publichealth.republican,available,5.99,,72,13,13,name.com,,
268a348b-7890-42fc-8c1c-0aafafc12acf,changeup.republican,available,5.99,,70,8,9,name.com,,
26a5d016-a0b1-4206-8557-de21d6e83379,comeoutwith.republican,available,5.99,,68,1,13,name.com,,
26a8425a-d011-4e0f-b4ec-477353f5d0e8,owning.republican,available,5.99,,52,7,6,name.com,,
26b305a4-81be-4e68-b142-486cb5146a37,SwedishEmpire.republican,available,43.98,,58,1,14,namecheap,,
26ba0eff-cfd9-4857-b3af-beaa8955d3b1,coffeewoman.republican,available,5.99,,80,2,11,name.com,,
26bede48-ffaf-4a78-97d3-c3d54c81c522,inthepipeline.republican,available,5.99,,42,2,15,name.com,,
26cc0f3b-5730-4a0f-b7d5-dc23478c3814,machines.republican,available,5.99,,56,22,8,name.com,,
26dcbbf2-6db1-4722-a706-15e7f46d1893,comeround.republican,available,5.99,,76,1,10,name.com,,
26dd2c63-a511-40c1-ad77-01887a7513c2,fights.republican,available,5.99,,55,9,6,name.com,,
27016af6-7984-4a38-a4ef-155e25af9ba3,landedestate.republican,available,5.99,,42,1,13,name.com,,
2711eb2c-bf05-44b5-beb6-7a03e058fe1a,newsarticle.republican,available,5.99,,46,2,12,name.com,,
2727e694-1cee-44a4-8018-c0e37e4c1f64,barbecues.republican,available,5.99,,66,4,9,name.com,,
272a0143-f468-4e5a-b093-15d3ee3d88e6,placeupon.republican,available,5.99,,48,1,10,name.com,,
273bb56f-6ebe-48e0-9328-89c6b2a5922f,gonegative.republican,available,5.99,,66,1,11,name.com,,
274189e2-008f-4bd4-b01b-8d5242ba5def,penalties.republican,available,5.99,,68,3,9,name.com,,
27579419-ed39-4f89-ab4f-7f3806e8c21e,takeaways.republican,available,5.99,,56,5,9,name.com,,
2793af36-bc82-4c27-939c-55a1a8b0d58f,childsextourism.republican,available,5.99,,30,1,17,name.com,,
2799730c-9844-492e-bd47-8d852f5d4259,Curves.republican,available,43.98,,51,11,6,namecheap,,
279ebeff-9582-4275-9fa1-90214fa1de54,cuttherug.republican,available,5.99,,76,1,11,name.com,,
279fb9c2-e6ad-4c59-8600-9637a82ceffe,tempers.republican,available,5.99,,56,2,7,name.com,,
27bf9594-5868-45bd-aafe-d6383b7deda5,gothroughwith.republican,available,5.99,,58,1,15,name.com,,
27c302f5-bdd9-4c8f-bd09-4b27043762e6,walked.republican,available,5.99,,60,5,6,name.com,,
280221c1-2f88-4c62-8b31-8b2691877109,posters.republican,available,5.99,,60,13,7,name.com,,
28350f4f-2c5f-4c27-9657-33e8583366f8,estimates.republican,available,5.99,,50,7,9,name.com,,
2841f9ff-1a48-49ea-8c61-38d1c959a6cf,advantageground.republican,available,5.99,,48,0,16,name.com,,
28467aa6-dd19-4c75-9c78-4c8fd37e4abc,gonedownthetube.republican,available,5.99,,30,1,18,name.com,,
284981c9-2aff-4bdc-a080-204be91a52d1,treatof.republican,available,5.99,,72,1,8,name.com,,
284b7765-6a07-4ec2-a9b3-26105f83e9a7,intight.republican,available,5.99,,50,1,8,name.com,,
286f0aa7-8e77-4f2a-9b1e-849a47c75d12,libraries.republican,available,5.99,,58,11,9,name.com,,
288980d0-8275-4ef6-a97b-c90c33b5f8ab,dont.republican,available,5.99,,42,18,4,name.com,,
28ab6ae5-d07b-4952-8d80-0db956f7a1c0,partitioned.republican,available,5.99,,48,2,11,name.com,,
28be3346-7435-44ee-bf81-71427d3cb186,barbecuedpork.republican,available,5.99,,58,0,14,name.com,,
28c5172f-1fd9-4134-bd10-2e5e2680f675,smiled.republican,available,5.99,,66,5,6,name.com,,
28cff9e3-ba57-4ade-9fa2-b90a9ad33eb6,beridof.republican,available,5.99,,46,1,9,name.com,,
28dcd951-7665-4778-b7da-bf73dc4936b8,plateup.republican,available,5.99,,74,2,8,name.com,,
28ddfd59-49ad-498d-befd-48bc8da3ac1d,keepsomebodyposted.republican,available,5.99,,46,0,20,name.com,,
28fb7f69-a476-4161-ba6d-99fe206e286c,modernschool.republican,available,5.99,,48,2,13,name.com,,
28fd1efa-85c4-4664-b737-487b339ea6bb,cliponmicrophone.republican,available,5.99,,48,1,18,name.com,,
29036e34-e549-4395-88b3-612321bcdeba,affects.republican,available,5.99,,54,4,7,name.com,,
29115593-b55d-4784-8091-b819655af00a,prints.republican,available,5.99,,54,18,6,name.com,,
292c3b01-43b4-4db5-92f7-1083044ecc65,printmedia.republican,available,5.99,,78,6,11,name.com,,
2932b6a5-8e69-4fc1-bf29-ccbabb1ee19b,alcoholusedisorder.republican,available,5.99,,48,1,20,name.com,,
2959f8ee-6724-4c57-be9b-e39ca54d2d14,gettosecondbase.republican,available,5.99,,47,1,18,name.com,,
298c686a-e53d-4095-b1aa-f09e7c8b29d7,rented.republican,available,5.99,,54,8,6,name.com,,
29a23165-3398-4980-a4f7-78e0200a846a,clearthetable.republican,available,5.99,,64,1,15,name.com,,
29a510d6-c248-4ab3-9c34-3cff8a0b2157,fellowships.republican,available,5.99,,52,4,11,name.com,,
29d05775-3245-4a2c-8d53-39752eedf6d9,goingover.republican,available,5.99,,72,1,10,name.com,,
29d5a1d7-61ff-43bc-bc7d-a4063e62fb69,arriveat.republican,available,5.99,,70,1,9,name.com,,
29f680bf-0731-4eb2-9f6e-2cefc2ac6e0a,undergoes.republican,available,5.99,,55,1,9,name.com,,
2a53e065-a186-4474-8788-f46ca308715f,clearoff.republican,available,5.99,,72,1,9,name.com,,
2a58bee7-c4c8-4538-bc35-6bc4c4e3b4c7,scanners.republican,available,5.99,,53,7,8,name.com,,
2a66b29a-7c50-483d-a3ab-16e22f38f9a2,parkertruss.republican,available,5.99,,48,1,12,name.com,,
2a67efe3-1661-41dc-9c99-1d40ad0cc2ef,tomorrows.republican,available,5.99,,60,11,9,name.com,,
2aa37c92-e79d-4cb3-bd5f-38e754b6ad40,bosses.republican,available,5.99,,54,8,6,name.com,,
2acd95de-9e70-4a5a-8b97-9af773cbb1a9,softenup.republican,available,5.99,,68,1,9,name.com,,
2aee0324-c00d-4f80-9ff3-35a372f568b8,communities.republican,available,5.99,,68,19,11,name.com,,
2af4fab5-551b-4189-9eff-92b4f7dfe5e5,opts.republican,available,5.99,,54,8,4,name.com,,
2b03f324-7381-4a59-8fde-a67473ac866f,monopolizing.republican,available,5.99,,40,1,12,name.com,,
2b070a46-65dd-4c0b-bf8d-abab65603671,letthemhaveit.republican,available,5.99,,47,1,16,name.com,,
2b1e511f-59b3-4f1a-9ba5-eeded60ee7ca,VeniceBeach.republican,available,43.98,,56,7,12,namecheap,,
2b3344cf-c84a-4766-8804-c7f7a94dfd9f,deepbreathing.republican,available,5.99,,74,2,14,name.com,,
2b6e6445-8142-4ac2-84d2-19c5f6bd9a21,favours.republican,available,5.99,,66,4,7,name.com,,
2b714480-c990-4d08-9955-5b24a7887017,prejudices.republican,available,5.99,,38,1,10,name.com,,
2b733db1-8236-4391-8d19-2f6d6261c5d1,AmazonRiverdolphin.republican,available,43.98,,72,1,20,namecheap,,
2b7877ea-8dbf-4b38-8a4b-577c2c901885,CountyofHarris.republican,available,43.98,,42,1,16,namecheap,,
2b7af156-5c24-4e66-acde-41df6cd8d40f,musts.republican,available,5.99,,57,2,5,name.com,,
2ba5066c-f954-4157-be17-6d62c945324f,makeitcount.republican,available,5.99,,72,8,13,name.com,,
2bb85888-e610-4fed-b5ac-e290566ea993,designs.republican,premium,500,,72,21,7,name.com,,
2bbc6d42-0c80-475f-a5d8-594a7331f22c,AlcoholicsAnonymous.republican,available,43.98,,52,4,20,namecheap,,
2bbd9fd0-6d95-4d44-a049-357a41cd910c,ponders.republican,available,5.99,,54,5,7,name.com,,
2bd7e15c-eefb-4d60-8165-7acc4292ea0c,referto.republican,available,5.99,,66,3,8,name.com,,
2bd95865-159f-4704-b77f-45500673b7fe,focuses.republican,available,5.99,,56,4,7,name.com,,
2be896c5-c208-4239-8ce6-1f1937b00828,chiefofstate.republican,available,5.99,,60,1,14,name.com,,
2bed35f5-d62b-44c5-9fab-a2d5ed576d43,Williamson.republican,available,43.98,,60,13,10,namecheap,,
2bfd562d-2bd8-4a68-94cc-ce3e869a00f6,pickover.republican,available,5.99,,62,1,9,name.com,,
2c02b85c-40ce-4f0e-a03d-904435a40c81,populations.republican,available,5.99,,50,4,11,name.com,,
2c0c3837-c64e-48bd-a993-2a987c7b1c92,beaches.republican,available,5.99,,72,14,7,name.com,,
2c385c38-c991-4a46-baab-8dd935af48d7,sailed.republican,available,5.99,,76,4,6,name.com,,
2c5babc9-30db-4427-9cca-325d75413fc8,officecleaner.republican,available,5.99,,41,1,14,name.com,,
2c5e2b09-b6b2-4276-bd3a-deb57ca3ae84,nonsmoking.republican,available,5.99,,68,3,11,name.com,,
2c745523-357e-4c79-8a4a-5c87ce9b43f1,quartertone.republican,available,5.99,,70,3,12,name.com,,
2c7a14e3-0481-4737-8f46-8f022245a62d,youwish.republican,available,5.99,,60,5,8,name.com,,
2c8575d8-6b0b-4362-afbf-2cc0ba696b6c,variations.republican,available,5.99,,46,5,10,name.com,,
2c87d35c-529c-4df0-955a-7cdd1840f384,divinegrace.republican,available,5.99,,68,3,12,name.com,,
2cafc3cd-d228-40fc-b9ec-be2f72620691,choirs.republican,available,5.99,,58,5,6,name.com,,
2cc51854-ff0e-44f8-b577-019231d5cbdb,demotions.republican,available,5.99,,46,1,9,name.com,,
2cdebb8c-f09c-4c9b-b14e-86fb3c8868b1,surroundings.republican,available,5.99,,75,4,12,name.com,,
2d1d7f38-8e92-4df2-8cc3-844c93d6521e,gowholehog.republican,available,5.99,,70,1,12,name.com,,
2d27cdad-896b-4fe3-b770-5fbae180e792,arrested.republican,available,5.99,,60,7,8,name.com,,
2d4d67b8-fea3-4478-859b-b9705ea52b7b,inhospital.republican,available,5.99,,60,1,11,name.com,,
2d73f503-f56d-47d1-8d40-e579474c8084,wellmanaged.republican,available,5.99,,60,4,12,name.com,,
2d742fd4-6f12-4c3e-8e5c-efa980ec1c0a,inthemain.republican,available,5.99,,50,1,11,name.com,,
2d8634dd-297e-45b3-b090-97d6fbbf05eb,chiefofstaff.republican,available,5.99,,60,9,14,name.com,,
2d875ded-81e9-4d96-b108-4409c5d064a5,inchargeof.republican,available,5.99,,49,1,12,name.com,,
2d892555-4092-4c93-8767-8c6f57ed9fd4,comeundone.republican,available,5.99,,66,2,11,name.com,,
2d8b7b7a-e532-4462-86b0-0e9b36bd6d11,calculators.republican,available,5.99,,54,16,11,name.com,,
2d8c56f1-db12-40b7-8fa3-a85c52774a12,letoff.republican,available,5.99,,77,1,7,name.com,,
2d8e40a7-3800-417f-9579-8b8e90445e7a,JapanStandardTime.republican,available,5.99,,56,1,19,name.com,,
2d99d9c8-6e3a-4e46-8f30-f8d589d09713,makingwaves.republican,available,5.99,,64,7,12,name.com,,
2da9fe6c-4fd1-418d-9dd8-27737413d962,produces.republican,available,5.99,,54,5,8,name.com,,
2daebd29-dbf9-474d-af6e-258362a67e96,masterfile.republican,available,5.99,,50,3,11,name.com,,
2dbd884b-00b1-4a0f-bb7b-ae0b6d5203fe,sidewalks.republican,available,5.99,,56,5,9,name.com,,
2de8de63-1018-47e2-a0a7-4ed82269f59d,finalsweek.republican,available,5.99,,52,1,11,name.com,,
2de977cf-3075-45f7-9974-bafb31f1aa10,letrip.republican,available,5.99,,75,2,7,name.com,,
2dfd82b9-05ad-48d0-8c78-0353db7fc664,teaspoonful.republican,available,5.99,,66,1,11,name.com,,
2e13fdfa-d4bc-458b-a397-3c994e4a54d1,twentyseven.republican,available,5.99,,65,7,12,name.com,,
2e1a0f50-811d-4868-88e7-a74c589e58a1,storyboards.republican,available,5.99,,58,7,11,name.com,,
2e718ae8-93b4-48ba-a905-8df5798cc8cb,breastaugmentation.republican,available,5.99,,66,5,19,name.com,,
2e938bc1-a964-423d-bfcc-23a6da907455,keepupwith.republican,available,5.99,,76,2,12,name.com,,
2eb15a14-1140-44bb-ae5d-a0bf2b16dcdd,Lordonlyknows.republican,available,43.98,,58,1,15,namecheap,,
2ed29d29-75a9-4aa0-ad71-65693620d496,gods.republican,available,5.99,,72,27,4,name.com,,
2ee752b4-76c3-4b92-b25e-ae83b5e8dd37,aboutto.republican,available,5.99,,56,2,8,name.com,,
2f05b6f3-5d15-4e02-97e7-4d4764aeca37,weddingcake.republican,available,5.99,,85,5,12,name.com,,
2f075834-8df3-45a4-a5ac-9aed30a200b0,plaques.republican,available,5.99,,42,5,7,name.com,,
2f2912d1-a506-4bab-a40b-f4562e0ebdb2,herbalmedicines.republican,available,5.99,,52,2,16,name.com,,
2f357e15-b77d-4fbc-82c6-8e50c102fd50,prototypes.republican,available,5.99,,56,9,10,name.com,,
2f4e3970-fddb-4b62-8337-8fca1fce6fb4,Frenchicecream.republican,available,43.98,,72,1,16,namecheap,,
2f658885-8253-4fd7-b3e9-130bf26613a8,goshknows.republican,available,5.99,,46,1,10,name.com,,
2f7254a0-58fa-4d2d-9db8-4ac2dcf286b3,abilities.republican,available,5.99,,74,4,9,name.com,,
2f8ceb36-aa77-40c5-ad4c-f02d62c1a8cf,writes.republican,available,5.99,,56,9,6,name.com,,
2f95fefc-4dc1-4156-a16e-eaba93894d4e,cements.republican,available,5.99,,56,3,7,name.com,,
2fb3d2fe-44c1-48b5-bf78-5cfa2439d51e,goonthen.republican,available,5.99,,48,1,10,name.com,,
2fbd5c7a-e45a-48b9-a41d-04567fb42711,SaintNicholas.republican,available,43.98,,64,4,14,namecheap,,
2fc9678b-8257-4e69-906c-9f3451139972,workmanship.republican,available,5.99,,74,3,11,name.com,,
2fd2adaa-001c-4ba2-b41d-845bc240ccac,videocameras.republican,available,5.99,,52,3,13,name.com,,
2fe4aff8-e4b4-44c0-8a1c-340226173d12,iftruthbetold.republican,available,5.99,,54,1,16,name.com,,
3035b340-4dca-4a0e-9182-7c00e9269dbc,genes.republican,available,5.99,,54,10,5,name.com,,
304fce83-86b9-41b7-9940-4b3b6d6e6230,tightened.republican,available,5.99,,50,1,9,name.com,,
30571f25-2578-4db1-afaa-f9bbe9a0ed42,newsstand.republican,available,5.99,,52,5,10,name.com,,
3072452a-d941-498d-a99c-559c88a8b470,ballplaying.republican,available,5.99,,70,1,12,name.com,,
308c2b13-0c36-4ebe-b174-c296b844b58c,comeup.republican,available,5.99,,74,5,7,name.com,,
30adadd8-47dc-432c-8ffc-21ef2cf3830e,lordofthemanor.republican,available,5.99,,68,1,17,name.com,,
30beff52-cb0a-4557-a229-b3b9e4073fb5,tobetruthful.republican,available,5.99,,46,1,14,name.com,,
30c2c18d-11d7-4b51-bd37-386c81835851,bloodpressurecuff.republican,available,5.99,,48,1,19,name.com,,
30c6afcc-8f31-47c2-bdb1-e04dcbb519f6,seemed.republican,available,5.99,,58,4,6,name.com,,
30cd4985-9e81-4cf0-96bc-d2bf0bcea181,setinstone.republican,available,5.99,,68,4,12,name.com,,
30fff02a-f772-41f2-8d4c-5befe4888ae1,haveon.republican,available,5.99,,76,2,7,name.com,,
31176f64-9dad-4719-9788-636736db9f85,planets.republican,available,5.99,,60,13,7,name.com,,
31259936-24bc-4f39-b8d8-a0525313185a,stormed.republican,available,5.99,,50,3,7,name.com,,
31322312-4400-4270-b45b-147a8edb620d,quizzes.republican,available,5.99,,54,8,7,name.com,,
3163d0db-97f7-4110-bacf-1e31084a4253,floods.republican,available,5.99,,38,6,6,name.com,,
3189d269-700b-4be3-b00f-158e44091345,surebet.republican,available,5.99,,82,8,8,name.com,,
318df598-1745-4d3f-9bc0-170e48321412,letonego.republican,available,5.99,,77,1,10,name.com,,
31a45c17-dfe1-4faa-8ae0-e33d782a0d65,coffeeklatsch.republican,available,5.99,,72,1,14,name.com,,
31a6cb81-0745-4c5f-ab2a-085b10fa23ce,solarenergy.republican,available,5.99,,88,16,12,name.com,,
31a89ecf-2132-4c7f-8ccc-1fb68637bd3f,wannabet.republican,available,5.99,,62,6,9,name.com,,
31b8af22-a0db-435b-be86-3dc9e7e7ea0e,corrections.republican,available,5.99,,68,6,11,name.com,,
31c4e7fc-2a2c-440d-bf18-7e7634abdc6d,reflections.republican,available,5.99,,53,16,11,name.com,,
31eaec20-f690-4d07-bb36-e70dbf1ec4b7,slipin.republican,available,5.99,,65,2,7,name.com,,
31f1e29e-ece9-4fda-a80e-ae7a66e25a36,cometofindout.republican,available,5.99,,42,1,16,name.com,,
31fbc8e0-15a8-4c6b-bee4-e8eeaef9e9f5,remarks.republican,available,5.99,,56,6,7,name.com,,
3228a3ca-dc65-4f63-aa38-ad2ab945f04d,inprivate.republican,available,5.99,,70,3,10,name.com,,
32383eb0-6b34-470f-8cf2-81eeb4947501,signover.republican,available,5.99,,69,1,9,name.com,,
32422b87-9998-470a-b402-de00ab9d2a81,preferences.republican,available,5.99,,80,7,11,name.com,,
32574f50-1731-4c02-b5c9-f2e67833e7a3,skateover.republican,available,5.99,,60,0,10,name.com,,
3286580b-6188-4138-ae89-cfec36e70e52,getused.republican,available,5.99,,72,2,8,name.com,,
32975a1a-9d43-4769-a15f-e23977534ab2,dothemath.republican,available,5.99,,72,4,11,name.com,,
329dec6d-cb00-4c77-af57-fac799a3817c,decideupon.republican,available,5.99,,76,0,11,name.com,,
32b9adb8-8c04-4447-9fe5-6bf7cdd4c8ce,clients.republican,available,5.99,,58,20,7,name.com,,
32d3f5ac-f39d-4157-8a6b-6cde4cbe0fbc,sweeps.republican,available,5.99,,51,12,6,name.com,,
32d9abd5-1e7a-4a23-b945-b1949d1f085e,races.republican,available,5.99,,60,8,5,name.com,,
32e2a215-c03c-4b8a-9777-7251a93fb2aa,onfire.republican,available,5.99,,50,12,7,name.com,,
32f1b562-88c4-436b-a65f-7ab09a516b05,getthebestof.republican,available,5.99,,69,2,15,name.com,,
332066d5-4ae1-42dd-bb89-ed9f631669f3,hobbies.republican,available,5.99,,60,11,7,name.com,,
334490ad-124b-4a6a-a671-603159974359,typed.republican,available,5.99,,70,11,5,name.com,,
33499190-791a-42b9-a168-ce151159d87c,pizzaslice.republican,available,5.99,,56,4,11,name.com,,
3363ee77-8b72-4dca-9c74-a9795f10739d,FabFour.republican,available,5.99,,82,3,8,name.com,,
33a02a27-47bb-4578-8f81-2204954a2103,licensinglaw.republican,available,5.99,,42,2,13,name.com,,
33c389eb-046b-430a-8f12-0856c66b15be,motions.republican,available,5.99,,62,12,7,name.com,,
33e40b77-8274-4ad3-924f-d433ba3b0cf0,gototherestroom.republican,available,5.99,,56,1,18,name.com,,
33edc0df-79a5-4bf9-a85b-80d82f7aae9a,hides.republican,available,5.99,,50,5,5,name.com,,
33efc3ab-e306-48c9-a2b4-5ef478096859,indanger.republican,available,5.99,,60,1,9,name.com,,
33fa7a5a-a3ed-4f77-ad05-02b2d04d19a9,gems.republican,available,5.99,,70,28,4,name.com,,
33fc1fbe-190b-4076-9907-df54fe3487d6,waitforit.republican,available,5.99,,43,4,11,name.com,,
3404510c-abc9-4eaf-a0b5-1571f48607af,getoffwith.republican,available,5.99,,76,1,12,name.com,,
342082a3-4f39-4e4a-9422-eb64a8c73357,merchants.republican,available,5.99,,56,14,9,name.com,,
34220ea9-e54d-448e-ac91-f6664b62d9c7,pertained.republican,available,5.99,,52,1,9,name.com,,
34250ee5-8429-4c41-9a57-87131aba1e47,negotiations.republican,available,5.99,,56,6,12,name.com,,
34294818-4389-4e4a-bf67-ae36377cd429,getover.republican,available,5.99,,79,4,8,name.com,,
3439084f-b116-4857-b80e-eff0d03c354f,LordofHosts.republican,available,43.98,,54,2,13,namecheap,,
347d3db4-e8bd-4564-8847-a1b6412939ef,shrugs.republican,available,5.99,,50,2,6,name.com,,
348bd043-4f09-4a94-99a6-7f69dc76d731,hangwith.republican,available,5.99,,70,2,9,name.com,,
349e701b-3576-416a-b758-209516a55b3e,littlepeople.republican,available,5.99,,70,4,13,name.com,,
349f25ce-b50c-461d-9aa7-2d6b396d545f,amplifying.republican,available,5.99,,56,3,10,name.com,,
349ffa08-507c-48fb-befd-f955523db7cf,manualworker.republican,available,5.99,,42,0,13,name.com,,
34b79f0e-f8a7-49bc-baa4-b4d81ea37e18,blazeofglory.republican,available,5.99,,72,1,14,name.com,,
34c04afd-43f2-4c29-8dc6-2cea735f479b,startover.republican,available,5.99,,78,6,10,name.com,,
34e98694-98de-4259-a645-61503826999a,midDecember.republican,available,43.98,,80,1,12,namecheap,,
34f8d60d-9df2-4f3d-bcc8-593c1726e01e,publishers.republican,available,5.99,,54,9,10,name.com,,
34fb4a22-0695-4e69-8506-6283f567fc67,seemlike.republican,available,5.99,,54,0,9,name.com,,
3502824f-7b31-49c5-901d-fa64d5514baf,grandkids.republican,available,5.99,,66,3,9,name.com,,
350d4823-3163-48f2-88a7-72e39c01d8fa,aswespeak.republican,available,5.99,,58,2,11,name.com,,
350fda23-8fe4-4288-a348-e7b5ed1b5b09,gostraight.republican,available,5.99,,70,2,11,name.com,,
3511fa1d-0236-48b9-a03d-555d6239ce13,commented.republican,available,5.99,,48,2,9,name.com,,
351479fb-4077-4ff8-8cdb-4fddde7c7f97,childdevelopment.republican,available,5.99,,48,4,17,name.com,,
351cdeb3-26e0-41a8-8a53-744af7d39455,Ispy.republican,available,43.98,,76,14,5,namecheap,,
35509c3b-6b85-4a44-8da0-79efd6869082,overdressed.republican,available,5.99,,64,3,12,name.com,,
3560c5f5-609d-45cf-ba83-d0e547d56333,childcategory.republican,available,5.99,,42,1,14,name.com,,
356fc598-4ff4-45a0-aea2-0134af387fd5,herbsandspices.republican,available,5.99,,54,3,16,name.com,,
356ffc23-4ef9-49b2-825c-a2b513f5d9e6,highprofile.republican,available,5.99,,70,4,12,name.com,,
35be2c63-f23f-472a-ad79-9e0dc4aecbea,suspecting.republican,available,5.99,,48,1,10,name.com,,
35d823e7-b973-457b-be0e-4f1c8ec476f1,biosensors.republican,available,5.99,,62,3,10,name.com,,
35ec2f2d-39ab-4341-8eb8-902009d1c20a,CountyofQueens.republican,available,43.98,,44,1,16,namecheap,,
3600ab8b-9d7c-4abc-9c4a-6e3eaeba0e87,tastes.republican,available,5.99,,52,6,6,name.com,,
362a93df-09a8-4ff1-9046-7ff1f23e561d,swishing.republican,available,5.99,,74,3,8,name.com,,
363ea5f0-de87-4802-b186-032a1b262e03,havetheheart.republican,available,5.99,,66,1,14,name.com,,
36514253-1909-4a63-87dc-4e250656099a,majoritycouncil.republican,available,5.99,,48,1,16,name.com,,
365e6136-cff9-4d05-b9b4-1ab5e4463f82,photographers.republican,available,5.99,,47,10,13,name.com,,
365efae1-760e-4b87-ace0-41b1e003ec39,Americans.republican,available,43.98,,56,10,9,namecheap,,
36770c4a-0ecc-4ef1-b6f0-d6d006c7d194,cometopass.republican,available,5.99,,74,1,12,name.com,,
36b22a66-1332-42cc-87cf-81f395860203,coffeesugar.republican,available,5.99,,62,0,12,name.com,,
36c233ab-829a-44f7-8d5b-10af78be5935,takeajoke.republican,available,5.99,,76,1,11,name.com,,
36c46561-0c5d-4911-9eee-21e0362feeb1,doesone.republican,available,5.99,,52,0,8,name.com,,
36d4f287-d909-44b6-b6c0-d516a914267c,leton.republican,available,5.99,,76,5,6,name.com,,
36f13146-4fd6-4ca0-bf76-b0b388e8828c,goviral.republican,available,5.99,,76,17,8,name.com,,
36fb006a-c0fb-4991-b0b5-f4ea95d3978c,cucumbers.republican,available,5.99,,74,4,9,name.com,,
3714f439-3d5d-4d21-88c9-156fae335fd8,rehabs.republican,available,5.99,,51,8,6,name.com,,
37167017-a0c3-4e1f-b46e-bb4f989c3d6c,bangs.republican,available,5.99,,60,7,5,name.com,,
3725130e-c143-40fb-a3ca-a2a7a612611a,imutation.republican,available,5.99,,76,1,10,name.com,,
37319d9f-c1a9-429c-a300-e613b0c26153,Allie.republican,available,43.98,,72,21,5,namecheap,,
3737e044-34ec-4953-aef7-8de1e347bec1,remained.republican,available,5.99,,50,2,8,name.com,,
378787ef-d098-4f25-9582-89c23798f742,updates.republican,available,5.99,,54,15,7,name.com,,
37944342-356b-488d-b817-f188b4d80b85,underwater.republican,available,5.99,,64,15,11,name.com,,
3796100d-7b29-4fef-b294-7ac9bdb8bd6b,Cheetos.republican,available,5.99,,76,7,7,name.com,,
37bdc748-d935-42a3-b489-d7ab287a4750,towels.republican,available,5.99,,68,9,6,name.com,,
37be5609-edf2-4092-8bc2-a86d02213826,fillup.republican,available,5.99,,72,7,7,name.com,,
37d2a055-2551-4d78-91e2-56ac2a80657c,couldhavesworn.republican,available,5.99,,44,0,16,name.com,,
37e6c806-be78-4b3e-98fc-c47c7967ccfa,sentences.republican,available,5.99,,60,5,9,name.com,,
3860658f-317d-4cda-8329-f24ea8109afd,reflexes.republican,available,5.99,,55,4,8,name.com,,
38731c2c-9291-44e2-aee4-bd71663b9a07,provinces.republican,available,5.99,,54,2,9,name.com,,
387c957b-456b-4bae-857c-dcc3efd38cde,proportions.republican,available,5.99,,76,3,11,name.com,,
3883e83d-3006-4b7a-b9f5-9c0b2af11a4c,does.republican,available,5.99,,60,15,4,name.com,,
38b8ea7e-fd33-4578-8423-81d0d1896e5a,gotosleep.republican,available,5.99,,72,3,11,name.com,,
38d145a6-2830-4550-a783-eaba28538916,thereaway.republican,available,5.99,,58,1,10,name.com,,
390f69da-68c2-497f-8b4c-ed94b9ce2307,backstretch.republican,available,5.99,,74,3,12,name.com,,
390fd2b6-6d49-4870-9fc5-0da79aa6d56c,explanations.republican,available,5.99,,50,2,12,name.com,,
391b985e-d3a7-4086-9146-f1168f936494,letoffsteam.republican,available,5.99,,76,1,13,name.com,,
39279b8b-d38c-4646-8191-7052f4970b62,equals.republican,available,5.99,,62,10,6,name.com,,
394faeca-1956-40d6-96a8-35f9682d0093,movein.republican,available,5.99,,70,9,7,name.com,,
3987e314-891b-4a8d-855c-bdb4a0e9cdc2,smarted.republican,available,5.99,,53,5,7,name.com,,
39919a5c-da11-48d4-9f73-ace8b37cedb1,gotowards.republican,available,5.99,,68,1,10,name.com,,
399eabca-995f-4363-af1e-7efe3b85f906,posts.republican,available,5.99,,54,16,5,name.com,,
39b62f94-48dd-46de-9649-a3a186bd4dc3,CoventGarden.republican,available,43.98,,72,6,13,namecheap,,
39b6d969-6794-4bc3-9339-4e09b4fd7f92,costcutting.republican,available,5.99,,64,3,12,name.com,,
39cad5d8-1591-41aa-913e-00a9ecb404de,dowell.republican,available,5.99,,76,12,7,name.com,,
3a0a8963-0f01-4d83-b1a8-fe45d91c12e8,wears.republican,available,5.99,,62,7,5,name.com,,
3a12c42d-645f-4c41-bcdc-c67eea65ed7a,longago.republican,available,5.99,,68,3,8,name.com,,
3a2bf6e6-5563-49df-aaf6-0cef26beefe8,citizens.republican,available,5.99,,60,19,8,name.com,,
3aa1af32-64e7-48f8-8a96-ab3cb67cf031,trades.republican,available,5.99,,71,26,6,name.com,,
3aa5c607-726e-464f-b907-80b7a3357f1a,manyonereducible.republican,available,5.99,,46,1,18,name.com,,
3aec6898-c3a8-4558-8f7b-d44dce21f69c,mosquitos.republican,available,5.99,,42,5,9,name.com,,
3aee4dd3-303c-4ba2-b4f4-5b092ebcdff5,arrives.republican,available,5.99,,50,3,7,name.com,,
3b1a7394-a7d0-417d-9735-707d1061b8cc,windowdisplay.republican,available,5.99,,42,2,14,name.com,,
3b1f7002-7f4b-4a11-9e17-3ba5bdbbaac3,mentalnote.republican,available,5.99,,54,3,11,name.com,,
3b2ad80a-ea8d-4b0c-a6ae-259fbb1b9e5c,pumping.republican,available,5.99,,76,8,7,name.com,,
3b38b352-3458-45a7-8e34-47bb9bcc62a1,highspirits.republican,available,5.99,,76,8,12,name.com,,
3b7bc876-6cc4-438b-8910-771e1c6af6c1,rubs.republican,available,5.99,,52,6,4,name.com,,
3b849eef-fda4-4fbb-bf87-d92dd89d273a,boxes.republican,available,5.99,,50,16,5,name.com,,
3b860c71-059a-4149-904f-01e60636b72b,webs.republican,available,5.99,,56,21,4,name.com,,
3b869cc2-0112-4216-8fb6-36b73ce891bb,concerts.republican,available,5.99,,68,12,8,name.com,,
3ba160a2-4071-4a7b-906b-05bbce016d3d,Idodeclare.republican,available,43.98,,58,2,12,namecheap,,
3c025592-5401-497f-93c0-cd5be47dd2ea,informers.republican,available,5.99,,52,3,9,name.com,,
3c04212e-903a-406e-9cd2-550f8acab6c1,getthemeaning.republican,available,5.99,,69,0,15,name.com,,
3c0d8ca7-197c-4ee2-9f3e-f67ec43f9821,phones.republican,available,5.99,,76,19,6,name.com,,
3c43c30b-f55f-43d9-bad8-a93539f5a0af,postponement.republican,available,5.99,,57,1,12,name.com,,
3c48c645-dd31-458f-8624-2446cab569b2,victories.republican,premium,123.75,,58,5,9,name.com,,
3c5677cc-0eb9-4e82-ba9e-8d43e1f19f72,shouts.republican,available,5.99,,47,5,6,name.com,,
3c6ef11f-87aa-4a61-9195-cda8ab3d53c4,buttercups.republican,available,5.99,,68,4,10,name.com,,
3c847a70-66bd-4e40-a72b-f59ec3ab9d5a,motorinn.republican,available,5.99,,74,1,9,name.com,,
3c9030db-5767-4232-832c-70624de373ad,squeakyclean.republican,available,5.99,,66,6,13,name.com,,
3c952c77-a9fd-4c1a-819b-d4df69acd5dc,teaspoons.republican,available,5.99,,56,3,9,name.com,,
3c99d388-8c58-40e6-ae3a-792894e26ac0,skulls.republican,available,5.99,,44,8,6,name.com,,
3cc0b792-8220-4bfe-ba88-ed0d3f0796d9,packs.republican,available,5.99,,54,15,5,name.com,,
3ccadae3-012b-4e2b-8be7-96f39811d971,variables.republican,available,5.99,,50,6,9,name.com,,
3d2d509a-73c0-4397-becd-077a136a477c,shells.republican,available,5.99,,58,9,6,name.com,,
3d339695-60c8-4d30-80b1-390a7ad4fa8c,blooddrives.republican,available,5.99,,62,1,12,name.com,,
3d355888-9b9f-42d0-b206-5329302b827c,joints.republican,available,5.99,,48,8,6,name.com,,
3d601ff8-7e79-4735-b5cf-4fb784af48ee,letitalone.republican,available,5.99,,80,1,12,name.com,,
3d6ec878-e865-4ea1-a47f-278df6846706,inthelimit.republican,available,5.99,,50,1,12,name.com,,
3d71722f-b317-4019-8a58-b1999974005e,havea.republican,available,5.99,,60,7,6,name.com,,
3da67f4c-943a-4e18-8e45-6cf9442ae6e6,commonstock.republican,available,5.99,,68,3,12,name.com,,
3dbf58bb-e68e-4934-a3d6-894e6944a537,shows.republican,available,5.99,,66,16,5,name.com,,
3dc5f649-c9f6-421f-bf13-9b1b2a3b075c,jewels.republican,available,5.99,,80,15,6,name.com,,
3dd7dd00-587a-4ade-aae8-49ac748e9f26,targets.republican,available,5.99,,54,10,7,name.com,,
3df9e5b8-7b08-476d-a024-06a6910b863c,getoveroneself.republican,available,5.99,,62,1,16,name.com,,
3e025121-6c8e-4616-b78c-7bac745dd412,yielded.republican,available,5.99,,56,3,7,name.com,,
3e18d5a8-a44b-496f-a10a-883731c6b95a,fires.republican,available,5.99,,46,10,5,name.com,,
3e30be67-77e7-4dd6-bc7f-d5593e7ecdc8,breakfastcereal.republican,available,5.99,,72,2,16,name.com,,
3e40116d-7e43-4bf7-8e63-be52b37bf136,getthememo.republican,available,5.99,,74,1,12,name.com,,
3e5796d4-72a8-4ac9-852e-0ca8e76bcf2f,hookup.republican,available,5.99,,76,16,7,name.com,,
3e69ac58-df8f-4ae4-bc1c-66750551fd0b,amplifies.republican,available,5.99,,56,2,9,name.com,,
3e7c8296-3d3a-4c08-8b64-cd442744ef4d,structurally.republican,available,5.99,,48,3,12,name.com,,
3e8896d3-9b83-454d-b3e7-588c2aa0e576,lookouts.republican,available,5.99,,52,3,8,name.com,,
3e9cf802-437c-440c-815c-d2e30772d341,fittest.republican,available,5.99,,58,7,7,name.com,,
3ea868e0-e2f7-45af-88c4-557c810265f4,keeptrackof.republican,available,5.99,,48,1,13,name.com,,
3ec6ea41-b313-4974-ba09-e91c30a353f1,gingerbreadcookie.republican,available,5.99,,52,1,18,name.com,,
3ed7825d-ee06-4627-ad41-e7588fdefc94,madewaves.republican,available,5.99,,54,1,10,name.com,,
3efb73c3-33ac-4251-8891-d53bc137a8e4,findingout.republican,available,5.99,,58,2,11,name.com,,
3f12f434-a956-484b-86b1-c1fe051a8ab6,snowed.republican,available,5.99,,52,3,6,name.com,,
3f30e5f0-2b30-423f-b1a7-2e0a8faf2531,actors.republican,available,5.99,,60,14,6,name.com,,
3f7e7116-6695-4b8b-b303-f4d49bcc4175,supposeto.republican,available,5.99,,52,1,10,name.com,,
3f8fcbc4-b0e3-478e-b29c-e3f9431fecb1,CountriesinAsia.republican,available,5.99,,48,1,17,name.com,,
3fa782f6-9fe0-40db-9fd2-b72a8a9212e2,scoopup.republican,available,5.99,,68,3,8,name.com,,
3fdbe096-7d2c-4157-bbaa-ab25daddc9d0,estatebottled.republican,available,5.99,,56,0,14,name.com,,
3feee0ed-02a7-41dc-835c-38b6c3bb1de4,studies.republican,available,5.99,,72,13,7,name.com,,
405c8e7d-6f39-4168-9051-38886fdfa557,coffeeandcakes.republican,available,5.99,,72,2,16,name.com,,
4070f53c-5b7e-416d-9539-89c01ab7982e,tonedown.republican,available,5.99,,72,1,9,name.com,,
4087a929-0403-42d1-a33d-044b1378759f,types.republican,available,5.99,,54,14,5,name.com,,
4099e5d1-e13d-4342-9641-f15d2504a362,ratings.republican,available,5.99,,53,19,7,name.com,,
409bd4a3-6948-49cc-98ca-bfac34c9ad89,distributed.republican,available,5.99,,64,21,11,name.com,,
40a6abf4-2fc4-413a-8216-4cb78a490e30,getoninyears.republican,available,5.99,,44,0,15,name.com,,
40b99b56-dbdc-4550-b65f-e2ea6d921055,turnsback.republican,available,5.99,,53,1,10,name.com,,
40d0be66-22f9-4e77-8b2b-e6faa8e15735,scootover.republican,available,5.99,,66,2,10,name.com,,
41050deb-2500-458b-a364-564471885d21,lives.republican,available,5.99,,64,15,5,name.com,,
411efd61-4457-4dd0-b133-2ba4600c8fc6,whitewater.republican,available,5.99,,82,17,11,name.com,,
4128256c-044e-4832-862d-33c98f6b4796,fails.republican,available,5.99,,46,7,5,name.com,,
4130e08f-2041-4cc9-980b-011add14f6ad,tablets.republican,available,5.99,,68,11,7,name.com,,
4164e7de-8198-4d1a-bfa1-02a29ef7e075,savinggrace.republican,available,5.99,,76,7,12,name.com,,
4177cbd9-1dd7-4461-a606-b69ccd873afc,recalled.republican,available,5.99,,62,4,8,name.com,,
41998726-eea4-4b70-a68c-59211d639e0f,clovers.republican,available,5.99,,62,9,7,name.com,,
41a4c8be-ac6e-4eec-9c29-7af2e9eb6dbb,polled.republican,available,5.99,,69,3,6,name.com,,
41b00e8d-47a7-430a-a149-84b336e6e557,takesteps.republican,available,5.99,,71,2,10,name.com,,
41c3c9b5-676e-46c5-a631-75a585d7a55a,pigeons.republican,available,5.99,,50,10,7,name.com,,
41fb02ec-1686-407e-8b00-ce8edafc7564,neuroscience.republican,available,5.99,,80,37,12,name.com,,
420bb9b2-3f4a-4702-a861-b87765942d60,revolvearound.republican,available,5.99,,62,1,14,name.com,,
422e60d9-09d1-40e0-b143-3a1af79199ff,devoured.republican,available,5.99,,40,3,8,name.com,,
4230cdc6-7c3f-43f4-9ebb-cfdcd65633b4,believed.republican,available,5.99,,64,3,8,name.com,,
4242aab3-92d9-4383-9dd1-28e75f8b0ccc,turds.republican,available,5.99,,38,3,5,name.com,,
425115e3-32a7-4e6f-a0a4-75a73f3034ee,nodded.republican,available,5.99,,56,2,6,name.com,,
4268cb75-2a6a-426c-bdc1-f4aad123ca0b,goaroundthehouses.republican,available,5.99,,60,0,20,name.com,,
4274b305-83eb-4dc1-81e5-0bc3f458a0bb,concertgoers.republican,available,5.99,,59,1,12,name.com,,
4295fb6e-afac-4d42-a98c-b65e741424cc,gettingsome.republican,available,5.99,,54,1,12,name.com,,
42f81406-8fb8-4275-8769-7f723e91b9b7,destination.republican,available,5.99,,90,25,11,name.com,,
42fddffd-184b-4b02-b9bc-6f16e4c6ea43,tunnelvision.republican,available,5.99,,60,9,13,name.com,,
43043962-c134-412a-af36-5ae81fcf25ff,tapwater.republican,available,5.99,,71,7,9,name.com,,
4322b5c4-ef9a-4e02-84d9-010b9d72beea,onspecial.republican,available,5.99,,52,2,10,name.com,,
434854a2-078a-4274-b2ed-6b75c72857c7,synchronizes.republican,available,5.99,,62,1,12,name.com,,
435594f5-454f-4f9c-936b-304754438c80,stepping.republican,available,5.99,,73,5,8,name.com,,
43ae771c-8026-4a40-98ec-c841a7ae124d,pounds.republican,available,5.99,,58,7,6,name.com,,
43db8d18-273d-4dc5-8c5b-5a7f5c71f3e4,pins.republican,available,5.99,,68,15,4,name.com,,
43e0083b-f022-4251-a5f7-5fd01187ac77,usernames.republican,available,5.99,,52,6,9,name.com,,
43e4f578-18f6-4f99-8dea-021719e5b95f,sticks.republican,available,5.99,,60,11,6,name.com,,
4402fa6d-78fd-4085-a04f-593857ced0d6,gonowherefast.republican,available,5.99,,50,1,15,name.com,,
440c6c63-d359-440a-b097-0672b0d86e05,hightech.republican,available,5.99,,83,16,9,name.com,,
441a90ee-71f3-4209-93b1-ac1929af3d4f,cometoanend.republican,available,5.99,,62,1,14,name.com,,
441e215b-888f-4116-aaa8-30181c0acd91,finalsalary.republican,available,5.99,,66,1,12,name.com,,
444576fb-d49c-4565-95c8-8285180bc81c,letitsnow.republican,available,5.99,,69,4,11,name.com,,
444c703e-0d23-4c10-a858-26428dbf1a16,participants.republican,available,5.99,,58,7,12,name.com,,
444f3a42-a0f3-44d9-9cbc-ca4c804f205e,makehappen.republican,available,5.99,,80,3,11,name.com,,
4451504b-5e3c-44e3-91f1-c0ccf67872bc,childrapist.republican,available,5.99,,38,1,12,name.com,,
4451ed38-99ff-4212-af77-e54bd282be7a,vetoed.republican,available,5.99,,50,2,6,name.com,,
4453e7ab-54df-4b75-a7cf-9a9813abe92b,demoted.republican,available,5.99,,46,1,7,name.com,,
4464692f-cec2-4ee6-9d2b-8b2494fdc4e3,highwater.republican,available,5.99,,66,7,10,name.com,,
4466ebea-4d83-491b-a666-e71fe75a9414,facilitation.republican,available,5.99,,74,12,12,name.com,,
4472be77-f770-4230-a225-f10b4c952833,heavymetal.republican,available,5.99,,70,15,11,name.com,,
449ae175-e4b7-4437-a191-8f11ae867e15,notalittle.republican,available,5.99,,60,1,12,name.com,,
44ad4c84-64c3-4421-bf7e-4a953569f4e1,stepin.republican,available,5.99,,74,8,7,name.com,,
44b1f6c0-49c3-4f7b-9805-878fee24eaa6,remembering.republican,available,5.99,,72,9,11,name.com,,
44b52cc3-d269-4f12-ac66-88281cdb3f67,photographed.republican,available,5.99,,54,3,12,name.com,,
44cdbca2-f7dd-41c3-bd79-2d5780a632a2,allsorts.republican,available,5.99,,52,5,9,name.com,,
44d1be11-bafe-4630-9be2-bbc37c9faee5,motorsport.republican,available,5.99,,74,23,10,name.com,,
452ec80d-295a-4926-9215-220328d85816,mothers.republican,available,5.99,,68,12,7,name.com,,
454f5207-cefd-49e0-ac3b-2f3aa3c3ad4c,manybodyproblem.republican,available,5.99,,64,1,17,name.com,,
45646347-0801-4965-9cd1-5cd07c9d02cc,goingto.republican,available,5.99,,56,6,8,name.com,,
459b3440-0034-414a-9740-6cbd5cae4509,justifies.republican,available,5.99,,52,1,9,name.com,,
45a77e90-53c5-45fb-9fec-1adf8627574d,keepitdown.republican,available,5.99,,46,0,12,name.com,,
45eb69ed-e7cb-4f84-8441-01d5abeb5d1f,getround.republican,available,5.99,,74,0,9,name.com,,
46113e79-bbc7-4ce7-9d7b-4812687c66a3,coffeemaking.republican,available,5.99,,72,2,13,name.com,,
462042f8-bceb-4514-916d-240f9d43e4b5,paintthinner.republican,available,5.99,,56,1,13,name.com,,
462fc96e-d2e1-43a0-964f-2c05d7e2ac52,twits.republican,available,5.99,,46,3,5,name.com,,
464b3433-c712-41f9-a3da-6fef9645f253,DakotaCounty.republican,available,43.98,,52,2,13,namecheap,,
46515124-3e7e-4b62-9788-692f1432fc13,RiceBubbles.republican,available,43.98,,60,1,12,namecheap,,
46707460-11d4-4569-bfd2-8e00ebe76bdb,steerclear.republican,available,5.99,,80,2,11,name.com,,
4692e8a9-bdc2-4e86-8576-8a1717a14792,mountains.republican,available,5.99,,54,14,9,name.com,,
469e07ce-83a7-4769-95f7-6b2ee1aa75e6,decidence.republican,available,5.99,,74,1,9,name.com,,
46c855b1-2d8e-4afd-9117-23737296b4e3,ambulances.republican,available,5.99,,58,5,10,name.com,,
47096741-086d-489b-8e29-6512145736cb,sterilization.republican,available,5.99,,66,3,13,name.com,,
4709f2a6-12cf-4f1b-82b7-784ec047efda,deadon.republican,available,5.99,,66,4,7,name.com,,
47235676-d487-4d43-b070-006d928375c1,relationships.republican,available,5.99,,48,12,13,name.com,,
473ac12e-5d26-4371-b8ba-828ac093a22e,hosts.republican,available,5.99,,52,18,5,name.com,,
478636e1-304d-490c-9f15-7270690ccc99,referees.republican,available,5.99,,55,4,8,name.com,,
47b69f52-a40a-48d0-b230-f6457832ecf9,merrygorounds.republican,available,5.99,,54,0,15,name.com,,
47ceacfd-3ed6-4bb4-a067-898465a1261b,Amazons.republican,available,5.99,,60,12,7,name.com,,
47e7ae9f-531b-407a-8d20-c2410ccce4b5,playaround.republican,available,5.99,,72,5,11,name.com,,
47f28f39-620f-4a3e-80c4-e95a13efd970,estates.republican,available,5.99,,50,16,7,name.com,,
4805971e-3002-4390-8bdf-4d71e4f4a518,saws.republican,available,5.99,,50,8,4,name.com,,
4813947c-fb57-49a8-84af-0302738ac3f2,affirmations.republican,available,5.99,,64,9,12,name.com,,
48272109-f2c9-47ff-b534-f21ae5cd78db,belike.republican,available,5.99,,74,7,7,name.com,,
484424a7-1640-4da8-8287-dabb953b3316,keepto.republican,available,5.99,,72,2,7,name.com,,
484e3eb7-e9ed-4603-b82b-941a7c1c61a9,cheesedown.republican,available,5.99,,62,0,11,name.com,,
4855c7a0-fa7d-4983-8607-ca1e3e7a4437,seperately.republican,available,5.99,,48,1,10,name.com,,
485c890c-3412-4699-9daf-0ccd6b4c34c9,divinejudgment.republican,available,5.99,,47,1,15,name.com,,
48a69f99-211a-4806-b281-208a10a75ed6,opinions.republican,available,5.99,,62,11,8,name.com,,
490986d4-60b6-4635-af3e-698c4943021a,chestnuts.republican,available,5.99,,54,5,9,name.com,,
4910dac5-69e1-4b40-a438-34a7f70de48e,advertises.republican,available,5.99,,56,3,10,name.com,,
4915a16f-5e08-4982-8d1e-61384d159ff7,Imustgo.republican,available,43.98,,58,1,9,namecheap,,
4932309a-6eef-4443-baff-b64d41db90bc,CountyofHudson.republican,available,43.98,,44,1,16,namecheap,,
499b4081-9334-4d8e-bc5b-226b96e7abfe,justgone.republican,available,5.99,,61,2,9,name.com,,
49a2c12e-c7b2-49be-9d12-37f4db3a3c7b,estimating.republican,available,5.99,,50,7,10,name.com,,
49dafd51-47a7-41c6-afd1-46d72cdae9cc,droppedoff.republican,available,5.99,,52,1,11,name.com,,
4a1ac80c-3d0a-4934-8744-e1f474e5feef,wisdoms.republican,available,5.99,,58,8,7,name.com,,
4a1fdddb-5658-4825-87eb-54d659557a3f,Tools.republican,available,43.98,,56,40,5,namecheap,,
4a29f8be-7044-4e58-8159-7dbb9f5c6be4,children.republican,available,5.99,,68,21,8,name.com,,
4a2f95a9-386b-4bea-8be3-b8cb4349a93d,comedies.republican,available,5.99,,56,3,8,name.com,,
4a376c15-b492-4690-9758-2a702c2a9656,CountyofKings.republican,available,43.98,,54,2,15,namecheap,,
4a3d92bf-6c55-4ec5-9fd9-23dc043dfdd4,designers.republican,available,5.99,,72,15,9,name.com,,
4a521c2e-8afd-4028-bef3-8ee71b19e592,radioed.republican,available,5.99,,50,1,7,name.com,,
4a6c8388-c6f9-4549-9ba5-afa9d7a2f3f6,keychains.republican,available,5.99,,56,6,9,name.com,,
4a72fce5-440a-4137-87ca-47157f403845,functions.republican,available,5.99,,54,12,9,name.com,,
4a766536-9f4e-48df-a8a6-333a0a550f49,thousands.republican,available,5.99,,56,5,9,name.com,,
4a9b0bba-b665-4b62-ab27-9a16b9c4f46a,deeplearning.republican,available,5.99,,74,23,13,name.com,,
4abd3862-e682-4320-8370-f5bb76a4e6f3,attendto.republican,available,5.99,,70,1,9,name.com,,
4ac59a42-e665-41a4-b512-b2861c3facdb,Mikey.republican,available,43.98,,70,21,5,namecheap,,
4ae40989-3350-410b-9091-67321e43cab9,spheres.republican,available,5.99,,50,10,7,name.com,,
4aed7352-7258-4fa4-be7c-199d8d5531da,cometoaboil.republican,available,5.99,,62,1,14,name.com,,
4af3e90f-fb4e-4874-af9e-bc642b159259,veterans.republican,available,5.99,,56,23,8,name.com,,
4b445216-c9d4-4134-aec8-76467a29363f,overeasy.republican,available,5.99,,68,8,9,name.com,,
4b59254a-b526-487d-86ec-46d6b5b1382e,LordofChristmas.republican,available,43.98,,54,1,17,namecheap,,
4b5ea47c-65d1-4601-9f80-17a95b6d4b9d,mutualaid.republican,available,5.99,,78,9,10,name.com,,
4b74046e-28fb-4063-af83-1b286ba16719,mouldbreaking.republican,available,5.99,,64,1,14,name.com,,
4b915cf4-2361-42fd-bf6b-02f3d5deff10,coffeehousing.republican,available,5.99,,72,1,13,name.com,,
4ba88580-686f-4e50-8cf2-c3eda0cd3341,orderarms.republican,available,5.99,,70,1,10,name.com,,
4bb3d096-02f3-4125-9be2-ba26e4695a80,fasttracks.republican,available,5.99,,56,4,11,name.com,,
4bd4d90b-fbb7-4b79-b6a8-058c8c747f2f,justtheticket.republican,available,5.99,,66,4,15,name.com,,
4bd6e4b4-53e3-4f16-ac47-9ae3a67f2773,letpast.republican,available,5.99,,75,1,8,name.com,,
4bf1673c-695c-4842-b440-6e49e060ae46,standardscore.republican,available,5.99,,42,1,14,name.com,,
4bf768a5-3f0c-4cea-9a61-d08ec342f7af,sorethroat.republican,available,5.99,,64,2,11,name.com,,
4c3b7a62-46bb-4cc4-9066-ee46de259344,waxedpaper.republican,available,5.99,,65,1,11,name.com,,
4c4389e2-437a-4a5e-bd9f-a767949b33dd,alters.republican,available,5.99,,52,6,6,name.com,,
4c47e98e-8bd6-4c6c-b369-35f53123ebf2,comeunder.republican,available,5.99,,70,1,10,name.com,,
4c700885-2ffa-4f0c-ba15-dcb45c4582cc,goamiss.republican,available,5.99,,68,0,8,name.com,,
4c901744-7145-4367-b9ff-e0c0b19db821,breakingnews.republican,available,5.99,,66,19,13,name.com,,
4ca18a9f-902f-4c4a-960c-472fb69d62d3,seekout.republican,available,5.99,,77,4,8,name.com,,
4ccc46a4-115f-425e-823f-4fa19a526c0b,tickets.republican,available,5.99,,64,34,7,name.com,,
4cda7d5f-6399-421e-b081-9fe195d6e793,clearstuff.republican,available,5.99,,70,1,11,name.com,,
4cf14caf-2795-49e1-b9c4-017ab9739d5c,getwiththeprogram.republican,available,5.99,,69,2,20,name.com,,
4cfb4967-a6dd-44d4-afb3-f400654b0410,dresses.republican,available,5.99,,58,10,7,name.com,,
4d192fd9-a35f-4027-a176-30a7cb350769,GreatBarrierReef.republican,available,43.98,,64,4,18,namecheap,,
4d1fc461-1b6c-4835-a894-9eb6289ce59c,getstraight.republican,available,5.99,,77,1,12,name.com,,
4d2af5cb-476e-4d91-a671-78e1ec08d5aa,SikhEmpire.republican,available,43.98,,64,1,11,namecheap,,
4d5028ff-2df6-4b04-a56e-5f854b5ca396,gears.republican,available,5.99,,54,12,5,name.com,,
4d54b83e-aa37-46f8-883c-48fe92bb8f33,lunchtime.republican,available,5.99,,78,8,10,name.com,,
4d6a6eba-a0db-4865-8dac-a22a38508dc2,getoneoveron.republican,available,5.99,,64,0,15,name.com,,
4d6d48c2-7646-49fb-bf98-2c38356f829c,strapup.republican,available,5.99,,68,1,8,name.com,,
4db86cd8-c1c2-4d02-add3-09bc82c259bc,snapped.republican,available,5.99,,52,6,7,name.com,,
4dbd7d06-d545-42f4-9f42-72e9f1ab8f65,birches.republican,available,5.99,,57,4,7,name.com,,
4dbe165d-76fe-4fe1-96e6-e7ba9fad29b3,cometogripswith.republican,available,5.99,,62,1,18,name.com,,
4dc747a5-02b9-498c-9292-f54f1696e2f3,bloodpressuregauge.republican,available,5.99,,48,1,20,name.com,,
4dcdd418-9a7c-4665-a73a-8b9081360fd0,strepthroat.republican,available,5.99,,68,2,12,name.com,,
4e24b7e6-35fe-4ea3-8c79-a30875e85987,letslip.republican,available,5.99,,76,1,8,name.com,,
4e2dd2b3-d7f9-42f0-ab3a-ec264e781194,searches.republican,available,5.99,,50,9,8,name.com,,
4e3be807-884f-4e02-a24b-edc298598c3d,throws.republican,available,5.99,,52,5,6,name.com,,
4e3d5f88-eebe-4c1d-8882-05cd227beed1,hasto.republican,available,5.99,,56,3,6,name.com,,
4e589886-e807-4c7a-9c31-f7ee1e132a91,leaveoffice.republican,available,5.99,,58,0,12,name.com,,
4e5c6d45-3e66-4cdd-8cc8-997c0df11a42,changeout.republican,available,5.99,,50,1,10,name.com,,
4e7f8d58-d237-4a3a-9ab1-a57f3b6b860a,makefriendswith.republican,available,5.99,,58,1,17,name.com,,
4eae0676-811f-4cfd-8997-25fccbbe0802,macandcheese.republican,available,5.99,,72,4,14,name.com,,
4eb4b506-3f17-4c91-aaee-7934799ad5a5,sexlife.republican,available,5.99,,74,6,8,name.com,,
4ebbd057-bd3d-4017-af55-46fd451c419d,getwith.republican,available,5.99,,74,4,8,name.com,,
4ed05132-4627-499f-92c8-a00a691b8983,DeadSea.republican,available,43.98,,50,6,8,namecheap,,
4ed9adb1-b074-4eaa-b023-2f4def36762b,showingup.republican,available,5.99,,59,4,10,name.com,,
4eecffed-544b-4d72-b63a-64df49d1c2d6,ribbons.republican,available,5.99,,56,9,7,name.com,,
4f2111f3-7cd5-4519-9606-f79cdd4f60b7,haveyoumetme.republican,available,5.99,,44,1,15,name.com,,
4f23f98b-0a06-48de-aa04-0ba918af6ef7,prettywell.republican,available,5.99,,60,2,11,name.com,,
4f34e6ee-a2e4-4133-89b0-0fdbda41bc1b,gingerbread.republican,available,5.99,,80,10,11,name.com,,
4f365c05-e004-469e-bbaa-1f024048315a,playon.republican,available,5.99,,80,14,7,name.com,,
4f3f94fd-ac7b-430c-9ac3-cdc3647ff01e,networks.republican,available,5.99,,60,20,8,name.com,,
4f442645-2401-4112-a293-370053617612,practicality.republican,available,5.99,,72,3,12,name.com,,
4f58dcb7-ea3b-4a1c-8c2b-ee99213d996f,maketheheadlines.republican,available,5.99,,72,0,18,name.com,,
4f5aaa4a-d3a7-417b-88a5-6cfa35b66a4b,rugbyfootball.republican,available,5.99,,68,2,14,name.com,,
4f7df9e0-7e55-490a-a601-422852e1ef38,brainwaves.republican,available,5.99,,56,8,10,name.com,,
4f87a427-62c3-473c-93a3-fc6d2a0c1b61,onfile.republican,available,5.99,,48,4,7,name.com,,
4f9e6e63-b833-4581-9ab6-9b55168568e9,lunchtimes.republican,available,5.99,,60,1,10,name.com,,
4fdb51be-14f2-4a54-98ef-9bf82ef813ca,thieves.republican,available,5.99,,45,8,7,name.com,,
4ff3d826-175d-49c9-8c48-4e4013e27cce,comerunning.republican,available,5.99,,74,1,12,name.com,,
4ffcb44c-17c4-43ea-b7f5-0d7fec83f7d5,sighed.republican,available,5.99,,56,2,6,name.com,,
505c66c8-6d3f-44cd-b7d6-6b731dcaca0d,asusual.republican,available,5.99,,58,3,8,name.com,,
5064632f-16d2-4bd1-a1e2-47678a394755,refusing.republican,available,5.99,,40,3,8,name.com,,
50765bb5-eed0-4158-aad1-f234d31bbd26,Wikipedias.republican,available,43.98,,53,2,10,namecheap,,
5076d81c-cacd-4bb6-8b3b-b47c09cba1aa,pillowcases.republican,available,5.99,,54,2,12,name.com,,
5079b85c-7861-4b76-b3f8-75267c3adf2d,queried.republican,available,5.99,,57,2,7,name.com,,
5080369a-5b63-4b07-8bf4-380d0d9aacc1,Catholicism.republican,available,43.98,,74,6,11,namecheap,,
50af517b-52c4-4a0e-a966-c3a686c5cddf,havingamoment.republican,available,5.99,,40,2,15,name.com,,
50d149ac-cbea-49d6-9ef3-114be7ccae4e,Trex.republican,available,43.98,,80,24,5,namecheap,,
50fa63a7-f800-4e58-9c51-c257eb23bfcc,justthesame.republican,available,5.99,,46,1,13,name.com,,
51038871-32d4-4223-a2d7-098e0e4d0a03,grandpas.republican,available,5.99,,68,4,8,name.com,,
5136f86e-24d7-433b-97c5-deb4e94b3160,collapsing.republican,available,5.99,,38,3,10,name.com,,
51378908-3546-4a70-ac89-80d433f0a0d7,invogue.republican,available,5.99,,70,6,8,name.com,,
5138ee6a-c64f-461d-9cc8-72f9b587ef2d,hills.republican,available,5.99,,65,20,5,name.com,,
515cb194-91d2-4c71-98d6-8ccff14c5571,coffeedout.republican,available,5.99,,76,1,11,name.com,,
515ea5d2-876a-42a2-8f48-870c5b8b5332,creditspread.republican,available,5.99,,60,1,13,name.com,,
515f1651-af43-438c-9493-241d636cb232,jetblack.republican,available,5.99,,82,8,9,name.com,,
5174a8c9-decc-4740-aa46-87537658a4bf,OKs.republican,available,5.99,,68,13,3,name.com,,
517ae9a0-d63e-4234-b3f5-73d7dbad60d1,chickensalad.republican,available,5.99,,76,3,13,name.com,,
51b40bcf-0144-456e-8736-2362e2c7b21d,doup.republican,available,5.99,,70,5,5,name.com,,
51d94fdc-4b19-4e37-b057-c56d9314c9a1,chunks.republican,available,5.99,,46,8,6,name.com,,
51e16983-ac80-4850-8a0d-e44d26973e26,responded.republican,available,5.99,,52,2,9,name.com,,
51f3c255-2049-4cfc-a665-4e4cb7f307ac,filetype.republican,available,5.99,,64,3,9,name.com,,
51f9ecdd-5734-4e45-b083-611aac2b3109,politicians.republican,available,5.99,,44,7,11,name.com,,
51fbc026-4120-4236-8fb5-10eadb880ef8,serves.republican,available,5.99,,54,7,6,name.com,,
520c4dad-b501-42fe-963d-676906608343,sqmi.republican,available,5.99,,54,2,5,name.com,,
520f10d3-ff53-46c0-863a-c9b48aa2c3f8,drying.republican,available,5.99,,68,6,6,name.com,,
524b2469-77b8-4f4f-8704-0f86d391593b,RoyalMail.republican,available,5.99,,76,12,10,name.com,,
5250a473-c55b-4e4c-9571-25f3d8facd81,dads.republican,available,5.99,,60,17,4,name.com,,
52b8bf5e-d40e-481c-b534-39a84e5b08f9,Tabascosauce.republican,available,43.98,,57,1,13,namecheap,,
52d92217-b872-49a1-b0b4-a500cd14f2bb,backsomersault.republican,available,5.99,,50,1,15,name.com,,
52e10edd-0b65-469e-80cf-4e41ecdc4771,shovels.republican,available,5.99,,47,5,7,name.com,,
52f5b5a4-d5b1-48bc-9f1f-92082f2937ee,coulduse.republican,available,5.99,,56,1,9,name.com,,
5306a1c6-8551-4fc7-a13d-b05d89be4be5,puddings.republican,available,5.99,,57,2,8,name.com,,
5311ec33-c05b-4a6a-ae88-3bf064f8d649,plans.republican,available,5.99,,60,20,5,name.com,,
532923b2-2ad7-4ee0-acd7-c8ff7a76638e,troublefree.republican,available,5.99,,66,6,12,name.com,,
533171df-8e00-44e6-9b76-a01669a291fd,havethefloor.republican,available,5.99,,64,1,14,name.com,,
5332a919-f771-4f61-8b8e-a34f622d9c8f,relied.republican,available,5.99,,50,3,6,name.com,,
5343971d-3181-4014-9fd7-2bce7b0fec9b,hangover.republican,available,5.99,,62,12,9,name.com,,
536cf735-23fd-4630-90c3-a97ab0527bfe,sharps.republican,available,5.99,,70,9,6,name.com,,
538b6087-3209-481e-8640-964dcbc14354,bills.republican,premium,123.75,,54,19,5,name.com,,
539941af-7528-4fd7-942c-08344107cf2c,elects.republican,available,5.99,,56,4,6,name.com,,
53bded84-14b6-4d61-a604-0ed0b5863d60,havetheblues.republican,available,5.99,,58,1,14,name.com,,
53cf4bca-c618-4281-8436-b6da87c8c276,makes.republican,available,5.99,,66,17,5,name.com,,
53dacbdf-9d9c-4127-bb77-585bcee604af,tasked.republican,available,5.99,,53,6,6,name.com,,
5406290f-f5a9-48d0-ae75-df69fb4ea47d,getittogether.republican,available,5.99,,75,3,15,name.com,,
540b1ad1-e5bf-4662-8e3b-cfba51b1d6f6,CountyofWilkin.republican,available,5.99,,42,1,16,name.com,,
5421a936-d657-4998-ac08-5f7c522f458a,setsup.republican,available,5.99,,54,1,7,name.com,,
5426d71d-0369-4a2f-8723-1ba3aa8e76ea,CountyofRussell.republican,available,43.98,,42,1,17,namecheap,,
54341492-85c7-4903-a888-48d35dd17b86,zoomed.republican,available,5.99,,60,5,6,name.com,,
54357695-a083-47ca-a2d8-159b2595bb7f,dryers.republican,available,5.99,,54,5,6,name.com,,
544f2522-7374-49c1-a949-098cbba55808,letup.republican,available,5.99,,74,3,6,name.com,,
545e62ff-6db4-4e8b-9bc6-5d5908104fd6,makeone.republican,available,5.99,,76,4,8,name.com,,
54973acd-c1d9-40c1-b2e5-22a0b110c927,inthemoment.republican,available,5.99,,48,7,13,name.com,,
5499d9c4-3f85-4dc5-b850-ec5ee10e18bc,thedamn.republican,available,5.99,,38,1,8,name.com,,
549bb5df-11cb-4194-9bcb-1c618bdd6cda,proofs.republican,available,5.99,,55,13,6,name.com,,
54c21a73-a76d-42e5-b43b-cc6fe0a8af7f,demonstrating.republican,available,5.99,,48,1,13,name.com,,
54f7ad59-c080-49c7-bb48-684ada9ec019,keepnote.republican,available,5.99,,48,2,9,name.com,,
54fe0385-424a-45cc-a52d-b5d0305074ee,tunafish.republican,available,5.99,,74,3,9,name.com,,
550cf0c0-057f-4a22-b105-bebd948925e1,stalled.republican,available,5.99,,48,3,7,name.com,,
552b496b-048d-4ae9-b117-a7e72a2c480f,goaround.republican,available,5.99,,74,4,9,name.com,,
554aba77-4a71-458d-bffa-bbc8f48f476d,overrated.republican,available,5.99,,60,6,10,name.com,,
5570916a-af09-40e3-93a5-30c0e2ea51cc,budgets.republican,available,5.99,,60,7,7,name.com,,
5588fab3-366f-469f-9b94-e74f0d2339a5,woes.republican,available,5.99,,46,4,4,name.com,,
55cd0d25-cfff-4ee7-8d04-7542cfe47dc0,buses.republican,available,5.99,,58,10,5,name.com,,
55d8cabb-8393-475f-b9aa-ad8c21d65dd3,inunison.republican,available,5.99,,72,4,9,name.com,,
5606c5ec-f608-4ca9-a5a2-f1a30ce58ea8,denominations.republican,available,5.99,,42,2,13,name.com,,
563e94a0-41da-4634-8b31-20c2ae2e360e,comeondown.republican,available,5.99,,76,1,12,name.com,,
565ba0af-bca6-4b1d-8e65-ed677d3c2f45,letus.republican,available,5.99,,79,13,6,name.com,,
569a978d-c9f9-4483-901d-9a7d7aab1470,IsleofWightCounty.republican,available,43.98,,52,2,20,namecheap,,
569ef641-bda0-4135-9722-004ace66c7a3,estimators.republican,available,5.99,,50,3,10,name.com,,
56c212a7-1bde-4174-8aee-f5e31472281d,introduces.republican,available,5.99,,58,2,10,name.com,,
56f5c3ed-4c48-4114-b67d-816342ecc7cb,personallife.republican,available,5.99,,68,3,13,name.com,,
57097806-d719-4492-8638-6f5d1b880ff3,resulted.republican,available,5.99,,46,2,8,name.com,,
5728ab21-2f5c-4173-9a2c-33a18ddaf27f,manyhandedness.republican,available,5.99,,64,1,15,name.com,,